ğŸ˜€,face | grin
ğŸ˜,eye | face | grin | smile
ğŸ˜‚,face | joy | laugh | tear
ğŸ¤£,face | floor | laugh | rolling
ğŸ˜ƒ,face | mouth | open | smile
ğŸ˜„,eye | face | mouth | open | smile
ğŸ˜…,cold | face | open | smile | sweat
ğŸ˜†,face | laugh | mouth | open | satisfied | smile
ğŸ˜‰,face | wink
ğŸ˜Š,blush | eye | face | smile
ğŸ˜‹,delicious | face | savouring | smile | um | yum
ğŸ˜,bright | cool | eye | eyewear | face | glasses | smile | sun | sunglasses
ğŸ˜,eye | face | love | smile
ğŸ˜˜,face | kiss
ğŸ˜—,face | kiss
ğŸ˜™,eye | face | kiss | smile
ğŸ˜š,closed | eye | face | kiss
â˜º,face | outlined | relaxed | smile
ğŸ™‚,face | smile
ğŸ¤—,face | hug | hugging
ğŸ¤©,eyes | face | grinning | star | <span class="keye">starry-eyed</span>
ğŸ¤”,face | thinking
ğŸ¤¨,distrust | skeptic | <span class="keye">disapproval</span> | <span class="keye">disbelief</span> | <span class="keye">mild surprise</span> | <span class="keye">scepticism</span>
ğŸ˜,deadpan | face | neutral
ğŸ˜‘,expressionless | face | inexpressive | unexpressive
ğŸ˜¶,face | mouth | quiet | silent
ğŸ™„,eyes | face | rolling
ğŸ˜,face | smirk
ğŸ˜£,face | persevere
ğŸ˜¥,disappointed | face | relieved | whew
ğŸ˜®,face | mouth | open | sympathy
ğŸ¤,face | mouth | zipper
ğŸ˜¯,face | hushed | stunned | surprised
ğŸ˜ª,face | sleep
ğŸ˜«,face | tired
ğŸ˜´,face | sleep | zzz
ğŸ˜Œ,face | relieved
ğŸ˜›,face | tongue
ğŸ˜œ,eye | face | joke | tongue | wink
ğŸ˜,eye | face | horrible | taste | tongue
ğŸ¤¤,drooling | face
ğŸ˜’,face | unamused | unhappy
ğŸ˜“,cold | face | sweat
ğŸ˜”,dejected | face | pensive
ğŸ˜•,confused | face
ğŸ™ƒ,face | upside-down
ğŸ¤‘,face | money | mouth
ğŸ˜²,astonished | face | shocked | totally
â˜¹,face | frown
ğŸ™,face | frown
ğŸ˜–,confounded | face
ğŸ˜,disappointed | face
ğŸ˜Ÿ,face | worried
ğŸ˜¤,face | triumph | won
ğŸ˜¢,cry | face | sad | tear
ğŸ˜­,cry | face | sad | sob | tear
ğŸ˜¦,face | frown | mouth | open
ğŸ˜§,anguished | face
ğŸ˜¨,face | fear | fearful | scared
ğŸ˜©,face | tired | weary
ğŸ¤¯,shocked
ğŸ˜¬,face | grimace
ğŸ˜°,blue | cold | face | mouth | open | rushed | sweat
ğŸ˜±,face | fear | fearful | munch | scared | scream
ğŸ˜³,dazed | face | flushed
ğŸ¤ª,eye | large | small
ğŸ˜µ,dizzy | face
ğŸ˜¡,angry | face | mad | pouting | rage | red
ğŸ˜ ,angry | face | mad
ğŸ¤¬,<span class="keye">cursing</span>
ğŸ˜·,cold | doctor | face | mask | medicine | sick
ğŸ¤’,face | ill | sick | thermometer
ğŸ¤•,bandage | face | hurt | injury
ğŸ¤¢,face | nauseated | vomit
ğŸ¤®,sick | vomit
ğŸ¤§,face | gesundheit | sneeze
ğŸ˜‡,angel | face | fairy tale | fantasy | halo | innocent | smile
ğŸ¤ ,cowboy | cowgirl | face | hat
ğŸ¤¡,clown | face
ğŸ¤¥,face | lie | pinocchio
ğŸ¤«,
ğŸ¤­,whoops | <span class="keye">shock</span> | <span class="keye">sudden realization</span> | <span class="keye">surprise</span>
ğŸ§,stuffy | <span class="keye">wealthy</span>
ğŸ¤“,face | geek | nerd
ğŸ˜ˆ,face | fairy tale | fantasy | horns | smile
ğŸ‘¿,demon | devil | face | fairy tale | fantasy | imp
ğŸ‘¹,creature | face | fairy tale | fantasy | monster | <span class="keye">troll</span>
ğŸ‘º,creature | face | fairy tale | fantasy | monster
ğŸ’€,death | face | fairy tale | monster
â˜ ,crossbones | death | face | monster | skull
ğŸ‘»,creature | face | fairy tale | fantasy | monster
ğŸ‘½,creature | extraterrestrial | face | fairy tale | fantasy | monster | ufo
ğŸ‘¾,alien | creature | extraterrestrial | face | fairy tale | fantasy | monster | ufo
ğŸ¤–,face | monster | robot
ğŸ’©,comic | dung | face | monster | poo | poop
ğŸ˜º,cat | face | mouth | open | smile
ğŸ˜¸,cat | eye | face | grin | smile
ğŸ˜¹,cat | face | joy | tear
ğŸ˜»,cat | eye | face | love | smile
ğŸ˜¼,cat | face | ironic | smile | wry
ğŸ˜½,cat | eye | face | kiss
ğŸ™€,cat | face | oh | surprised | weary
ğŸ˜¿,cat | cry | face | sad | tear
ğŸ˜¾,cat | face | pouting
ğŸ™ˆ,evil | face | forbidden | gesture | monkey | no | not | prohibited | see
ğŸ™‰,evil | face | forbidden | gesture | hear | monkey | no | not | prohibited
ğŸ™Š,evil | face | forbidden | gesture | monkey | no | not | prohibited | speak
ğŸ‘¶,baby | young
ğŸ‘¶ğŸ»,baby | light skin tone | young
ğŸ‘¶ğŸ¼,baby | medium-light skin tone | young
ğŸ‘¶ğŸ½,baby | medium skin tone | young
ğŸ‘¶ğŸ¾,baby | medium-dark skin tone | young
ğŸ‘¶ğŸ¿,baby | dark skin tone | young
ğŸ§’,gender-neutral | young | <span class="keye">(no specific gender)</span>
ğŸ§’ğŸ»,gender-neutral | light skin tone | young
ğŸ§’ğŸ¼,gender-neutral | medium-light skin tone | young
ğŸ§’ğŸ½,gender-neutral | medium skin tone | young
ğŸ§’ğŸ¾,gender-neutral | medium-dark skin tone | young
ğŸ§’ğŸ¿,dark skin tone | gender-neutral | young
ğŸ‘¦,boy | young
ğŸ‘¦ğŸ»,boy | light skin tone | young
ğŸ‘¦ğŸ¼,boy | medium-light skin tone | young
ğŸ‘¦ğŸ½,boy | medium skin tone | young
ğŸ‘¦ğŸ¾,boy | medium-dark skin tone | young
ğŸ‘¦ğŸ¿,boy | dark skin tone | young
ğŸ‘§,Virgo | young | zodiac
ğŸ‘§ğŸ»,Virgo | light skin tone | young | zodiac
ğŸ‘§ğŸ¼,Virgo | medium-light skin tone | young | zodiac
ğŸ‘§ğŸ½,Virgo | medium skin tone | young | zodiac
ğŸ‘§ğŸ¾,Virgo | medium-dark skin tone | young | zodiac
ğŸ‘§ğŸ¿,Virgo | dark skin tone | young | zodiac
ğŸ§‘,gender-neutral | <span class="keye">(no specific gender)</span>
ğŸ§‘ğŸ»,gender-neutral | light skin tone
ğŸ§‘ğŸ¼,gender-neutral | medium-light skin tone
ğŸ§‘ğŸ½,gender-neutral | medium skin tone
ğŸ§‘ğŸ¾,gender-neutral | medium-dark skin tone
ğŸ§‘ğŸ¿,dark skin tone | gender-neutral
ğŸ‘¨,man
ğŸ‘¨ğŸ»,light skin tone | man
ğŸ‘¨ğŸ¼,man | medium-light skin tone
ğŸ‘¨ğŸ½,man | medium skin tone
ğŸ‘¨ğŸ¾,man | medium-dark skin tone
ğŸ‘¨ğŸ¿,dark skin tone | man
ğŸ‘©,woman
ğŸ‘©ğŸ»,light skin tone | woman
ğŸ‘©ğŸ¼,medium-light skin tone | woman
ğŸ‘©ğŸ½,medium skin tone | woman
ğŸ‘©ğŸ¾,medium-dark skin tone | woman
ğŸ‘©ğŸ¿,dark skin tone | woman
ğŸ§“,gender-neutral | old | <span class="keye">(no specific gender)</span>
ğŸ§“ğŸ»,gender-neutral | light skin tone | old
ğŸ§“ğŸ¼,gender-neutral | medium-light skin tone | old
ğŸ§“ğŸ½,gender-neutral | medium skin tone | old
ğŸ§“ğŸ¾,gender-neutral | medium-dark skin tone | old
ğŸ§“ğŸ¿,dark skin tone | gender-neutral | old
ğŸ‘´,man | old
ğŸ‘´ğŸ»,light skin tone | man | old
ğŸ‘´ğŸ¼,man | medium-light skin tone | old
ğŸ‘´ğŸ½,man | medium skin tone | old
ğŸ‘´ğŸ¾,man | medium-dark skin tone | old
ğŸ‘´ğŸ¿,dark skin tone | man | old
ğŸ‘µ,old | woman
ğŸ‘µğŸ»,light skin tone | old | woman
ğŸ‘µğŸ¼,medium-light skin tone | old | woman
ğŸ‘µğŸ½,medium skin tone | old | woman
ğŸ‘µğŸ¾,medium-dark skin tone | old | woman
ğŸ‘µğŸ¿,dark skin tone | old | woman
ğŸ‘¨â€âš•ï¸,doctor | healthcare | man | nurse | therapist
ğŸ‘¨ğŸ»â€âš•ï¸,doctor | healthcare | light skin tone | man | nurse | therapist
ğŸ‘¨ğŸ¼â€âš•ï¸,doctor | healthcare | man | medium-light skin tone | nurse | therapist
ğŸ‘¨ğŸ½â€âš•ï¸,doctor | healthcare | man | medium skin tone | nurse | therapist
ğŸ‘¨ğŸ¾â€âš•ï¸,doctor | healthcare | man | medium-dark skin tone | nurse | therapist
ğŸ‘¨ğŸ¿â€âš•ï¸,dark skin tone | doctor | healthcare | man | nurse | therapist
ğŸ‘©â€âš•ï¸,doctor | healthcare | nurse | therapist | woman
ğŸ‘©ğŸ»â€âš•ï¸,doctor | healthcare | light skin tone | nurse | therapist | woman
ğŸ‘©ğŸ¼â€âš•ï¸,doctor | healthcare | medium-light skin tone | nurse | therapist | woman
ğŸ‘©ğŸ½â€âš•ï¸,doctor | healthcare | medium skin tone | nurse | therapist | woman
ğŸ‘©ğŸ¾â€âš•ï¸,doctor | healthcare | medium-dark skin tone | nurse | therapist | woman
ğŸ‘©ğŸ¿â€âš•ï¸,dark skin tone | doctor | healthcare | nurse | therapist | woman
ğŸ‘¨â€ğŸ“,graduate | man | student
ğŸ‘¨ğŸ»â€ğŸ“,graduate | light skin tone | man | student
ğŸ‘¨ğŸ¼â€ğŸ“,graduate | man | medium-light skin tone | student
ğŸ‘¨ğŸ½â€ğŸ“,graduate | man | medium skin tone | student
ğŸ‘¨ğŸ¾â€ğŸ“,graduate | man | medium-dark skin tone | student
ğŸ‘¨ğŸ¿â€ğŸ“,dark skin tone | graduate | man | student
ğŸ‘©â€ğŸ“,graduate | student | woman
ğŸ‘©ğŸ»â€ğŸ“,graduate | light skin tone | student | woman
ğŸ‘©ğŸ¼â€ğŸ“,graduate | medium-light skin tone | student | woman
ğŸ‘©ğŸ½â€ğŸ“,graduate | medium skin tone | student | woman
ğŸ‘©ğŸ¾â€ğŸ“,graduate | medium-dark skin tone | student | woman
ğŸ‘©ğŸ¿â€ğŸ“,dark skin tone | graduate | student | woman
ğŸ‘¨â€ğŸ«,instructor | man | professor | teacher
ğŸ‘¨ğŸ»â€ğŸ«,instructor | light skin tone | man | professor | teacher
ğŸ‘¨ğŸ¼â€ğŸ«,instructor | man | medium-light skin tone | professor | teacher
ğŸ‘¨ğŸ½â€ğŸ«,instructor | man | medium skin tone | professor | teacher
ğŸ‘¨ğŸ¾â€ğŸ«,instructor | man | medium-dark skin tone | professor | teacher
ğŸ‘¨ğŸ¿â€ğŸ«,dark skin tone | instructor | man | professor | teacher
ğŸ‘©â€ğŸ«,instructor | professor | teacher | woman
ğŸ‘©ğŸ»â€ğŸ«,instructor | light skin tone | professor | teacher | woman
ğŸ‘©ğŸ¼â€ğŸ«,instructor | medium-light skin tone | professor | teacher | woman
ğŸ‘©ğŸ½â€ğŸ«,instructor | medium skin tone | professor | teacher | woman
ğŸ‘©ğŸ¾â€ğŸ«,instructor | medium-dark skin tone | professor | teacher | woman
ğŸ‘©ğŸ¿â€ğŸ«,dark skin tone | instructor | professor | teacher | woman
ğŸ‘¨â€âš–ï¸,justice | man | scales
ğŸ‘¨ğŸ»â€âš–ï¸,justice | light skin tone | man | scales
ğŸ‘¨ğŸ¼â€âš–ï¸,justice | man | medium-light skin tone | scales
ğŸ‘¨ğŸ½â€âš–ï¸,justice | man | medium skin tone | scales
ğŸ‘¨ğŸ¾â€âš–ï¸,justice | man | medium-dark skin tone | scales
ğŸ‘¨ğŸ¿â€âš–ï¸,dark skin tone | justice | man | scales
ğŸ‘©â€âš–ï¸,judge | scales | woman
ğŸ‘©ğŸ»â€âš–ï¸,judge | light skin tone | scales | woman
ğŸ‘©ğŸ¼â€âš–ï¸,judge | medium-light skin tone | scales | woman
ğŸ‘©ğŸ½â€âš–ï¸,judge | medium skin tone | scales | woman
ğŸ‘©ğŸ¾â€âš–ï¸,judge | medium-dark skin tone | scales | woman
ğŸ‘©ğŸ¿â€âš–ï¸,dark skin tone | judge | scales | woman
ğŸ‘¨â€ğŸŒ¾,farmer | gardener | man | rancher
ğŸ‘¨ğŸ»â€ğŸŒ¾,farmer | gardener | light skin tone | man | rancher
ğŸ‘¨ğŸ¼â€ğŸŒ¾,farmer | gardener | man | medium-light skin tone | rancher
ğŸ‘¨ğŸ½â€ğŸŒ¾,farmer | gardener | man | medium skin tone | rancher
ğŸ‘¨ğŸ¾â€ğŸŒ¾,farmer | gardener | man | medium-dark skin tone | rancher
ğŸ‘¨ğŸ¿â€ğŸŒ¾,dark skin tone | farmer | gardener | man | rancher
ğŸ‘©â€ğŸŒ¾,farmer | gardener | rancher | woman
ğŸ‘©ğŸ»â€ğŸŒ¾,farmer | gardener | light skin tone | rancher | woman
ğŸ‘©ğŸ¼â€ğŸŒ¾,farmer | gardener | medium-light skin tone | rancher | woman
ğŸ‘©ğŸ½â€ğŸŒ¾,farmer | gardener | medium skin tone | rancher | woman
ğŸ‘©ğŸ¾â€ğŸŒ¾,farmer | gardener | medium-dark skin tone | rancher | woman
ğŸ‘©ğŸ¿â€ğŸŒ¾,dark skin tone | farmer | gardener | rancher | woman
ğŸ‘¨â€ğŸ³,chef | cook | man
ğŸ‘¨ğŸ»â€ğŸ³,chef | cook | light skin tone | man
ğŸ‘¨ğŸ¼â€ğŸ³,chef | cook | man | medium-light skin tone
ğŸ‘¨ğŸ½â€ğŸ³,chef | cook | man | medium skin tone
ğŸ‘¨ğŸ¾â€ğŸ³,chef | cook | man | medium-dark skin tone
ğŸ‘¨ğŸ¿â€ğŸ³,chef | cook | dark skin tone | man
ğŸ‘©â€ğŸ³,chef | cook | woman
ğŸ‘©ğŸ»â€ğŸ³,chef | cook | light skin tone | woman
ğŸ‘©ğŸ¼â€ğŸ³,chef | cook | medium-light skin tone | woman
ğŸ‘©ğŸ½â€ğŸ³,chef | cook | medium skin tone | woman
ğŸ‘©ğŸ¾â€ğŸ³,chef | cook | medium-dark skin tone | woman
ğŸ‘©ğŸ¿â€ğŸ³,chef | cook | dark skin tone | woman
ğŸ‘¨â€ğŸ”§,electrician | man | mechanic | plumber | tradesperson
ğŸ‘¨ğŸ»â€ğŸ”§,electrician | light skin tone | man | mechanic | plumber | tradesperson
ğŸ‘¨ğŸ¼â€ğŸ”§,electrician | man | mechanic | medium-light skin tone | plumber | tradesperson
ğŸ‘¨ğŸ½â€ğŸ”§,electrician | man | mechanic | medium skin tone | plumber | tradesperson
ğŸ‘¨ğŸ¾â€ğŸ”§,electrician | man | mechanic | medium-dark skin tone | plumber | tradesperson
ğŸ‘¨ğŸ¿â€ğŸ”§,dark skin tone | electrician | man | mechanic | plumber | tradesperson
ğŸ‘©â€ğŸ”§,electrician | mechanic | plumber | tradesperson | woman
ğŸ‘©ğŸ»â€ğŸ”§,electrician | light skin tone | mechanic | plumber | tradesperson | woman
ğŸ‘©ğŸ¼â€ğŸ”§,electrician | mechanic | medium-light skin tone | plumber | tradesperson | woman
ğŸ‘©ğŸ½â€ğŸ”§,electrician | mechanic | medium skin tone | plumber | tradesperson | woman
ğŸ‘©ğŸ¾â€ğŸ”§,electrician | mechanic | medium-dark skin tone | plumber | tradesperson | woman
ğŸ‘©ğŸ¿â€ğŸ”§,dark skin tone | electrician | mechanic | plumber | tradesperson | woman
ğŸ‘¨â€ğŸ­,assembly | factory | industrial | man | worker
ğŸ‘¨ğŸ»â€ğŸ­,assembly | factory | industrial | light skin tone | man | worker
ğŸ‘¨ğŸ¼â€ğŸ­,assembly | factory | industrial | man | medium-light skin tone | worker
ğŸ‘¨ğŸ½â€ğŸ­,assembly | factory | industrial | man | medium skin tone | worker
ğŸ‘¨ğŸ¾â€ğŸ­,assembly | factory | industrial | man | medium-dark skin tone | worker
ğŸ‘¨ğŸ¿â€ğŸ­,assembly | dark skin tone | factory | industrial | man | worker
ğŸ‘©â€ğŸ­,assembly | factory | industrial | woman | worker
ğŸ‘©ğŸ»â€ğŸ­,assembly | factory | industrial | light skin tone | woman | worker
ğŸ‘©ğŸ¼â€ğŸ­,assembly | factory | industrial | medium-light skin tone | woman | worker
ğŸ‘©ğŸ½â€ğŸ­,assembly | factory | industrial | medium skin tone | woman | worker
ğŸ‘©ğŸ¾â€ğŸ­,assembly | factory | industrial | medium-dark skin tone | woman | worker
ğŸ‘©ğŸ¿â€ğŸ­,assembly | dark skin tone | factory | industrial | woman | worker
ğŸ‘¨â€ğŸ’¼,architect | business | man | manager | office | white-collar
ğŸ‘¨ğŸ»â€ğŸ’¼,architect | business | light skin tone | man | manager | office | white-collar
ğŸ‘¨ğŸ¼â€ğŸ’¼,architect | business | man | manager | medium-light skin tone | office | white-collar
ğŸ‘¨ğŸ½â€ğŸ’¼,architect | business | man | manager | medium skin tone | office | white-collar
ğŸ‘¨ğŸ¾â€ğŸ’¼,architect | business | man | manager | medium-dark skin tone | office | white-collar
ğŸ‘¨ğŸ¿â€ğŸ’¼,architect | business | dark skin tone | man | manager | office | white-collar
ğŸ‘©â€ğŸ’¼,architect | business | manager | office | white-collar | woman
ğŸ‘©ğŸ»â€ğŸ’¼,architect | business | light skin tone | manager | office | white-collar | woman
ğŸ‘©ğŸ¼â€ğŸ’¼,architect | business | manager | medium-light skin tone | office | white-collar | woman
ğŸ‘©ğŸ½â€ğŸ’¼,architect | business | manager | medium skin tone | office | white-collar | woman
ğŸ‘©ğŸ¾â€ğŸ’¼,architect | business | manager | medium-dark skin tone | office | white-collar | woman
ğŸ‘©ğŸ¿â€ğŸ’¼,architect | business | dark skin tone | manager | office | white-collar | woman
ğŸ‘¨â€ğŸ”¬,biologist | chemist | engineer | man | mathematician | physicist | scientist
ğŸ‘¨ğŸ»â€ğŸ”¬,biologist | chemist | engineer | light skin tone | man | mathematician | physicist | scientist
ğŸ‘¨ğŸ¼â€ğŸ”¬,biologist | chemist | engineer | man | mathematician | medium-light skin tone | physicist | scientist
ğŸ‘¨ğŸ½â€ğŸ”¬,biologist | chemist | engineer | man | mathematician | medium skin tone | physicist | scientist
ğŸ‘¨ğŸ¾â€ğŸ”¬,biologist | chemist | engineer | man | mathematician | medium-dark skin tone | physicist | scientist
ğŸ‘¨ğŸ¿â€ğŸ”¬,biologist | chemist | dark skin tone | engineer | man | mathematician | physicist | scientist
ğŸ‘©â€ğŸ”¬,biologist | chemist | engineer | mathematician | physicist | scientist | woman
ğŸ‘©ğŸ»â€ğŸ”¬,biologist | chemist | engineer | light skin tone | mathematician | physicist | scientist | woman
ğŸ‘©ğŸ¼â€ğŸ”¬,biologist | chemist | engineer | mathematician | medium-light skin tone | physicist | scientist | woman
ğŸ‘©ğŸ½â€ğŸ”¬,biologist | chemist | engineer | mathematician | medium skin tone | physicist | scientist | woman
ğŸ‘©ğŸ¾â€ğŸ”¬,biologist | chemist | engineer | mathematician | medium-dark skin tone | physicist | scientist | woman
ğŸ‘©ğŸ¿â€ğŸ”¬,biologist | chemist | dark skin tone | engineer | mathematician | physicist | scientist | woman
ğŸ‘¨â€ğŸ’»,coder | developer | inventor | man | software | technologist
ğŸ‘¨ğŸ»â€ğŸ’»,coder | developer | inventor | light skin tone | man | software | technologist
ğŸ‘¨ğŸ¼â€ğŸ’»,coder | developer | inventor | man | medium-light skin tone | software | technologist
ğŸ‘¨ğŸ½â€ğŸ’»,coder | developer | inventor | man | medium skin tone | software | technologist
ğŸ‘¨ğŸ¾â€ğŸ’»,coder | developer | inventor | man | medium-dark skin tone | software | technologist
ğŸ‘¨ğŸ¿â€ğŸ’»,coder | dark skin tone | developer | inventor | man | software | technologist
ğŸ‘©â€ğŸ’»,coder | developer | inventor | software | technologist | woman
ğŸ‘©ğŸ»â€ğŸ’»,coder | developer | inventor | light skin tone | software | technologist | woman
ğŸ‘©ğŸ¼â€ğŸ’»,coder | developer | inventor | medium-light skin tone | software | technologist | woman
ğŸ‘©ğŸ½â€ğŸ’»,coder | developer | inventor | medium skin tone | software | technologist | woman
ğŸ‘©ğŸ¾â€ğŸ’»,coder | developer | inventor | medium-dark skin tone | software | technologist | woman
ğŸ‘©ğŸ¿â€ğŸ’»,coder | dark skin tone | developer | inventor | software | technologist | woman
ğŸ‘¨â€ğŸ¤,actor | entertainer | man | rock | singer | star
ğŸ‘¨ğŸ»â€ğŸ¤,actor | entertainer | light skin tone | man | rock | singer | star
ğŸ‘¨ğŸ¼â€ğŸ¤,actor | entertainer | man | medium-light skin tone | rock | singer | star
ğŸ‘¨ğŸ½â€ğŸ¤,actor | entertainer | man | medium skin tone | rock | singer | star
ğŸ‘¨ğŸ¾â€ğŸ¤,actor | entertainer | man | medium-dark skin tone | rock | singer | star
ğŸ‘¨ğŸ¿â€ğŸ¤,actor | dark skin tone | entertainer | man | rock | singer | star
ğŸ‘©â€ğŸ¤,actor | entertainer | rock | singer | star | woman
ğŸ‘©ğŸ»â€ğŸ¤,actor | entertainer | light skin tone | rock | singer | star | woman
ğŸ‘©ğŸ¼â€ğŸ¤,actor | entertainer | medium-light skin tone | rock | singer | star | woman
ğŸ‘©ğŸ½â€ğŸ¤,actor | entertainer | medium skin tone | rock | singer | star | woman
ğŸ‘©ğŸ¾â€ğŸ¤,actor | entertainer | medium-dark skin tone | rock | singer | star | woman
ğŸ‘©ğŸ¿â€ğŸ¤,actor | dark skin tone | entertainer | rock | singer | star | woman
ğŸ‘¨â€ğŸ¨,artist | man | palette
ğŸ‘¨ğŸ»â€ğŸ¨,artist | light skin tone | man | palette
ğŸ‘¨ğŸ¼â€ğŸ¨,artist | man | medium-light skin tone | palette
ğŸ‘¨ğŸ½â€ğŸ¨,artist | man | medium skin tone | palette
ğŸ‘¨ğŸ¾â€ğŸ¨,artist | man | medium-dark skin tone | palette
ğŸ‘¨ğŸ¿â€ğŸ¨,artist | dark skin tone | man | palette
ğŸ‘©â€ğŸ¨,artist | palette | woman
ğŸ‘©ğŸ»â€ğŸ¨,artist | light skin tone | palette | woman
ğŸ‘©ğŸ¼â€ğŸ¨,artist | medium-light skin tone | palette | woman
ğŸ‘©ğŸ½â€ğŸ¨,artist | medium skin tone | palette | woman
ğŸ‘©ğŸ¾â€ğŸ¨,artist | medium-dark skin tone | palette | woman
ğŸ‘©ğŸ¿â€ğŸ¨,artist | dark skin tone | palette | woman
ğŸ‘¨â€âœˆï¸,man | pilot | plane
ğŸ‘¨ğŸ»â€âœˆï¸,light skin tone | man | pilot | plane
ğŸ‘¨ğŸ¼â€âœˆï¸,man | medium-light skin tone | pilot | plane
ğŸ‘¨ğŸ½â€âœˆï¸,man | medium skin tone | pilot | plane
ğŸ‘¨ğŸ¾â€âœˆï¸,man | medium-dark skin tone | pilot | plane
ğŸ‘¨ğŸ¿â€âœˆï¸,dark skin tone | man | pilot | plane
ğŸ‘©â€âœˆï¸,pilot | plane | woman
ğŸ‘©ğŸ»â€âœˆï¸,light skin tone | pilot | plane | woman
ğŸ‘©ğŸ¼â€âœˆï¸,medium-light skin tone | pilot | plane | woman
ğŸ‘©ğŸ½â€âœˆï¸,medium skin tone | pilot | plane | woman
ğŸ‘©ğŸ¾â€âœˆï¸,medium-dark skin tone | pilot | plane | woman
ğŸ‘©ğŸ¿â€âœˆï¸,dark skin tone | pilot | plane | woman
ğŸ‘¨â€ğŸš€,astronaut | man | rocket
ğŸ‘¨ğŸ»â€ğŸš€,astronaut | light skin tone | man | rocket
ğŸ‘¨ğŸ¼â€ğŸš€,astronaut | man | medium-light skin tone | rocket
ğŸ‘¨ğŸ½â€ğŸš€,astronaut | man | medium skin tone | rocket
ğŸ‘¨ğŸ¾â€ğŸš€,astronaut | man | medium-dark skin tone | rocket
ğŸ‘¨ğŸ¿â€ğŸš€,astronaut | dark skin tone | man | rocket
ğŸ‘©â€ğŸš€,astronaut | rocket | woman
ğŸ‘©ğŸ»â€ğŸš€,astronaut | light skin tone | rocket | woman
ğŸ‘©ğŸ¼â€ğŸš€,astronaut | medium-light skin tone | rocket | woman
ğŸ‘©ğŸ½â€ğŸš€,astronaut | medium skin tone | rocket | woman
ğŸ‘©ğŸ¾â€ğŸš€,astronaut | medium-dark skin tone | rocket | woman
ğŸ‘©ğŸ¿â€ğŸš€,astronaut | dark skin tone | rocket | woman
ğŸ‘¨â€ğŸš’,firefighter | firetruck | man
ğŸ‘¨ğŸ»â€ğŸš’,firefighter | firetruck | light skin tone | man
ğŸ‘¨ğŸ¼â€ğŸš’,firefighter | firetruck | man | medium-light skin tone
ğŸ‘¨ğŸ½â€ğŸš’,firefighter | firetruck | man | medium skin tone
ğŸ‘¨ğŸ¾â€ğŸš’,firefighter | firetruck | man | medium-dark skin tone
ğŸ‘¨ğŸ¿â€ğŸš’,dark skin tone | firefighter | firetruck | man
ğŸ‘©â€ğŸš’,firefighter | firetruck | woman
ğŸ‘©ğŸ»â€ğŸš’,firefighter | firetruck | light skin tone | woman
ğŸ‘©ğŸ¼â€ğŸš’,firefighter | firetruck | medium-light skin tone | woman
ğŸ‘©ğŸ½â€ğŸš’,firefighter | firetruck | medium skin tone | woman
ğŸ‘©ğŸ¾â€ğŸš’,firefighter | firetruck | medium-dark skin tone | woman
ğŸ‘©ğŸ¿â€ğŸš’,dark skin tone | firefighter | firetruck | woman
ğŸ‘®,cop | officer | police
ğŸ‘®ğŸ»,cop | light skin tone | officer | police
ğŸ‘®ğŸ¼,cop | medium-light skin tone | officer | police
ğŸ‘®ğŸ½,cop | medium skin tone | officer | police
ğŸ‘®ğŸ¾,cop | medium-dark skin tone | officer | police
ğŸ‘®ğŸ¿,cop | dark skin tone | officer | police
ğŸ‘®â€â™‚ï¸,cop | man | officer | police
ğŸ‘®ğŸ»â€â™‚ï¸,cop | light skin tone | man | officer | police
ğŸ‘®ğŸ¼â€â™‚ï¸,cop | man | medium-light skin tone | officer | police
ğŸ‘®ğŸ½â€â™‚ï¸,cop | man | medium skin tone | officer | police
ğŸ‘®ğŸ¾â€â™‚ï¸,cop | man | medium-dark skin tone | officer | police
ğŸ‘®ğŸ¿â€â™‚ï¸,cop | dark skin tone | man | officer | police
ğŸ‘®â€â™€ï¸,cop | officer | police | woman
ğŸ‘®ğŸ»â€â™€ï¸,cop | light skin tone | officer | police | woman
ğŸ‘®ğŸ¼â€â™€ï¸,cop | medium-light skin tone | officer | police | woman
ğŸ‘®ğŸ½â€â™€ï¸,cop | medium skin tone | officer | police | woman
ğŸ‘®ğŸ¾â€â™€ï¸,cop | medium-dark skin tone | officer | police | woman
ğŸ‘®ğŸ¿â€â™€ï¸,cop | dark skin tone | officer | police | woman
ğŸ•µ,detective | sleuth | spy
ğŸ•µğŸ»,detective | light skin tone | sleuth | spy
ğŸ•µğŸ¼,detective | medium-light skin tone | sleuth | spy
ğŸ•µğŸ½,detective | medium skin tone | sleuth | spy
ğŸ•µğŸ¾,detective | medium-dark skin tone | sleuth | spy
ğŸ•µğŸ¿,dark skin tone | detective | sleuth | spy
ğŸ•µï¸â€â™‚ï¸,detective | man | sleuth | spy
ğŸ•µğŸ»â€â™‚ï¸,detective | light skin tone | man | sleuth | spy
ğŸ•µğŸ¼â€â™‚ï¸,detective | man | medium-light skin tone | sleuth | spy
ğŸ•µğŸ½â€â™‚ï¸,detective | man | medium skin tone | sleuth | spy
ğŸ•µğŸ¾â€â™‚ï¸,detective | man | medium-dark skin tone | sleuth | spy
ğŸ•µğŸ¿â€â™‚ï¸,dark skin tone | detective | man | sleuth | spy
ğŸ•µï¸â€â™€ï¸,detective | sleuth | spy | woman
ğŸ•µğŸ»â€â™€ï¸,detective | light skin tone | sleuth | spy | woman
ğŸ•µğŸ¼â€â™€ï¸,detective | medium-light skin tone | sleuth | spy | woman
ğŸ•µğŸ½â€â™€ï¸,detective | medium skin tone | sleuth | spy | woman
ğŸ•µğŸ¾â€â™€ï¸,detective | medium-dark skin tone | sleuth | spy | woman
ğŸ•µğŸ¿â€â™€ï¸,dark skin tone | detective | sleuth | spy | woman
ğŸ’‚,guard
ğŸ’‚ğŸ»,guard | light skin tone
ğŸ’‚ğŸ¼,guard | medium-light skin tone
ğŸ’‚ğŸ½,guard | medium skin tone
ğŸ’‚ğŸ¾,guard | medium-dark skin tone
ğŸ’‚ğŸ¿,dark skin tone | guard
ğŸ’‚â€â™‚ï¸,guard | man
ğŸ’‚ğŸ»â€â™‚ï¸,guard | light skin tone | man
ğŸ’‚ğŸ¼â€â™‚ï¸,guard | man | medium-light skin tone
ğŸ’‚ğŸ½â€â™‚ï¸,guard | man | medium skin tone
ğŸ’‚ğŸ¾â€â™‚ï¸,guard | man | medium-dark skin tone
ğŸ’‚ğŸ¿â€â™‚ï¸,dark skin tone | guard | man
ğŸ’‚â€â™€ï¸,guard | woman
ğŸ’‚ğŸ»â€â™€ï¸,guard | light skin tone | woman
ğŸ’‚ğŸ¼â€â™€ï¸,guard | medium-light skin tone | woman
ğŸ’‚ğŸ½â€â™€ï¸,guard | medium skin tone | woman
ğŸ’‚ğŸ¾â€â™€ï¸,guard | medium-dark skin tone | woman
ğŸ’‚ğŸ¿â€â™€ï¸,dark skin tone | guard | woman
ğŸ‘·,construction | hat | worker
ğŸ‘·ğŸ»,construction | hat | light skin tone | worker
ğŸ‘·ğŸ¼,construction | hat | medium-light skin tone | worker
ğŸ‘·ğŸ½,construction | hat | medium skin tone | worker
ğŸ‘·ğŸ¾,construction | hat | medium-dark skin tone | worker
ğŸ‘·ğŸ¿,construction | dark skin tone | hat | worker
ğŸ‘·â€â™‚ï¸,construction | man | worker
ğŸ‘·ğŸ»â€â™‚ï¸,construction | light skin tone | man | worker
ğŸ‘·ğŸ¼â€â™‚ï¸,construction | man | medium-light skin tone | worker
ğŸ‘·ğŸ½â€â™‚ï¸,construction | man | medium skin tone | worker
ğŸ‘·ğŸ¾â€â™‚ï¸,construction | man | medium-dark skin tone | worker
ğŸ‘·ğŸ¿â€â™‚ï¸,construction | dark skin tone | man | worker
ğŸ‘·â€â™€ï¸,construction | woman | worker
ğŸ‘·ğŸ»â€â™€ï¸,construction | light skin tone | woman | worker
ğŸ‘·ğŸ¼â€â™€ï¸,construction | medium-light skin tone | woman | worker
ğŸ‘·ğŸ½â€â™€ï¸,construction | medium skin tone | woman | worker
ğŸ‘·ğŸ¾â€â™€ï¸,construction | medium-dark skin tone | woman | worker
ğŸ‘·ğŸ¿â€â™€ï¸,construction | dark skin tone | woman | worker
ğŸ¤´,prince
ğŸ¤´ğŸ»,light skin tone | prince
ğŸ¤´ğŸ¼,medium-light skin tone | prince
ğŸ¤´ğŸ½,medium skin tone | prince
ğŸ¤´ğŸ¾,medium-dark skin tone | prince
ğŸ¤´ğŸ¿,dark skin tone | prince
ğŸ‘¸,fairy tale | fantasy
ğŸ‘¸ğŸ»,fairy tale | fantasy | light skin tone
ğŸ‘¸ğŸ¼,fairy tale | fantasy | medium-light skin tone
ğŸ‘¸ğŸ½,fairy tale | fantasy | medium skin tone
ğŸ‘¸ğŸ¾,fairy tale | fantasy | medium-dark skin tone
ğŸ‘¸ğŸ¿,dark skin tone | fairy tale | fantasy
ğŸ‘³,turban
ğŸ‘³ğŸ»,light skin tone | turban
ğŸ‘³ğŸ¼,medium-light skin tone | turban
ğŸ‘³ğŸ½,medium skin tone | turban
ğŸ‘³ğŸ¾,medium-dark skin tone | turban
ğŸ‘³ğŸ¿,dark skin tone | turban
ğŸ‘³â€â™‚ï¸,man | turban
ğŸ‘³ğŸ»â€â™‚ï¸,light skin tone | man | turban
ğŸ‘³ğŸ¼â€â™‚ï¸,man | medium-light skin tone | turban
ğŸ‘³ğŸ½â€â™‚ï¸,man | medium skin tone | turban
ğŸ‘³ğŸ¾â€â™‚ï¸,man | medium-dark skin tone | turban
ğŸ‘³ğŸ¿â€â™‚ï¸,dark skin tone | man | turban
ğŸ‘³â€â™€ï¸,turban | woman
ğŸ‘³ğŸ»â€â™€ï¸,light skin tone | turban | woman
ğŸ‘³ğŸ¼â€â™€ï¸,medium-light skin tone | turban | woman
ğŸ‘³ğŸ½â€â™€ï¸,medium skin tone | turban | woman
ğŸ‘³ğŸ¾â€â™€ï¸,medium-dark skin tone | turban | woman
ğŸ‘³ğŸ¿â€â™€ï¸,dark skin tone | turban | woman
ğŸ‘²,gua pi mao | hat | man
ğŸ‘²ğŸ»,gua pi mao | hat | light skin tone | man
ğŸ‘²ğŸ¼,gua pi mao | hat | man | medium-light skin tone
ğŸ‘²ğŸ½,gua pi mao | hat | man | medium skin tone
ğŸ‘²ğŸ¾,gua pi mao | hat | man | medium-dark skin tone
ğŸ‘²ğŸ¿,dark skin tone | gua pi mao | hat | man
ğŸ§•,headscarf | hijab | mantilla | tichel | <span class="keye">bandana</span> | <span class="keye">head kerchief</span>
ğŸ§•ğŸ»,headscarf | hijab | light skin tone | mantilla | tichel
ğŸ§•ğŸ¼,headscarf | hijab | mantilla | medium-light skin tone | tichel
ğŸ§•ğŸ½,headscarf | hijab | mantilla | medium skin tone | tichel
ğŸ§•ğŸ¾,headscarf | hijab | mantilla | medium-dark skin tone | tichel
ğŸ§•ğŸ¿,dark skin tone | headscarf | hijab | mantilla | tichel
ğŸ§”,<span class="keye">bewhiskered</span>
ğŸ§”ğŸ»,light skin tone
ğŸ§”ğŸ¼,medium-light skin tone
ğŸ§”ğŸ½,medium skin tone
ğŸ§”ğŸ¾,medium-dark skin tone
ğŸ§”ğŸ¿,dark skin tone
ğŸ‘±,blond
ğŸ‘±ğŸ»,blond | light skin tone
ğŸ‘±ğŸ¼,blond | medium-light skin tone
ğŸ‘±ğŸ½,blond | medium skin tone
ğŸ‘±ğŸ¾,blond | medium-dark skin tone
ğŸ‘±ğŸ¿,blond | dark skin tone
ğŸ‘±â€â™‚ï¸,blond | man
ğŸ‘±ğŸ»â€â™‚ï¸,blond | light skin tone | man
ğŸ‘±ğŸ¼â€â™‚ï¸,blond | man | medium-light skin tone
ğŸ‘±ğŸ½â€â™‚ï¸,blond | man | medium skin tone
ğŸ‘±ğŸ¾â€â™‚ï¸,blond | man | medium-dark skin tone
ğŸ‘±ğŸ¿â€â™‚ï¸,blond | dark skin tone | man
ğŸ‘±â€â™€ï¸,blonde | woman
ğŸ‘±ğŸ»â€â™€ï¸,blonde | light skin tone | woman
ğŸ‘±ğŸ¼â€â™€ï¸,blonde | medium-light skin tone | woman
ğŸ‘±ğŸ½â€â™€ï¸,blonde | medium skin tone | woman
ğŸ‘±ğŸ¾â€â™€ï¸,blonde | medium-dark skin tone | woman
ğŸ‘±ğŸ¿â€â™€ï¸,blonde | dark skin tone | woman
ğŸ¤µ,groom | man | tuxedo
ğŸ¤µğŸ»,groom | light skin tone | man | tuxedo
ğŸ¤µğŸ¼,groom | man | medium-light skin tone | tuxedo
ğŸ¤µğŸ½,groom | man | medium skin tone | tuxedo
ğŸ¤µğŸ¾,groom | man | medium-dark skin tone | tuxedo
ğŸ¤µğŸ¿,dark skin tone | groom | man | tuxedo
ğŸ‘°,bride | veil | wedding
ğŸ‘°ğŸ»,bride | light skin tone | veil | wedding
ğŸ‘°ğŸ¼,bride | medium-light skin tone | veil | wedding
ğŸ‘°ğŸ½,bride | medium skin tone | veil | wedding
ğŸ‘°ğŸ¾,bride | medium-dark skin tone | veil | wedding
ğŸ‘°ğŸ¿,bride | dark skin tone | veil | wedding
ğŸ¤°,pregnant | woman
ğŸ¤°ğŸ»,light skin tone | pregnant | woman
ğŸ¤°ğŸ¼,medium-light skin tone | pregnant | woman
ğŸ¤°ğŸ½,medium skin tone | pregnant | woman
ğŸ¤°ğŸ¾,medium-dark skin tone | pregnant | woman
ğŸ¤°ğŸ¿,dark skin tone | pregnant | woman
ğŸ¤±,
ğŸ¤±ğŸ»,light skin tone
ğŸ¤±ğŸ¼,medium-light skin tone
ğŸ¤±ğŸ½,medium skin tone
ğŸ¤±ğŸ¾,medium-dark skin tone
ğŸ¤±ğŸ¿,dark skin tone
ğŸ‘¼,angel | baby | face | fairy tale | fantasy
ğŸ‘¼ğŸ»,angel | baby | face | fairy tale | fantasy | light skin tone
ğŸ‘¼ğŸ¼,angel | baby | face | fairy tale | fantasy | medium-light skin tone
ğŸ‘¼ğŸ½,angel | baby | face | fairy tale | fantasy | medium skin tone
ğŸ‘¼ğŸ¾,angel | baby | face | fairy tale | fantasy | medium-dark skin tone
ğŸ‘¼ğŸ¿,angel | baby | dark skin tone | face | fairy tale | fantasy
ğŸ…,Christmas | celebration | claus | father | santa
ğŸ…ğŸ»,Christmas | celebration | claus | father | light skin tone | santa
ğŸ…ğŸ¼,Christmas | celebration | claus | father | medium-light skin tone | santa
ğŸ…ğŸ½,Christmas | celebration | claus | father | medium skin tone | santa
ğŸ…ğŸ¾,Christmas | celebration | claus | father | medium-dark skin tone | santa
ğŸ…ğŸ¿,Christmas | celebration | claus | dark skin tone | father | santa
ğŸ¤¶,Christmas | Mrs. | celebration | claus | mother
ğŸ¤¶ğŸ»,Christmas | Mrs. | celebration | claus | light skin tone | mother
ğŸ¤¶ğŸ¼,Christmas | Mrs. | celebration | claus | medium-light skin tone | mother
ğŸ¤¶ğŸ½,Christmas | Mrs. | celebration | claus | medium skin tone | mother
ğŸ¤¶ğŸ¾,Christmas | Mrs. | celebration | claus | medium-dark skin tone | mother
ğŸ¤¶ğŸ¿,Christmas | Mrs. | celebration | claus | dark skin tone | mother
ğŸ§™,sorcerer | sorceress | witch | wizard
ğŸ§™ğŸ»,light skin tone | sorcerer | sorceress | witch | wizard
ğŸ§™ğŸ¼,medium-light skin tone | sorcerer | sorceress | witch | wizard
ğŸ§™ğŸ½,medium skin tone | sorcerer | sorceress | witch | wizard
ğŸ§™ğŸ¾,medium-dark skin tone | sorcerer | sorceress | witch | wizard
ğŸ§™ğŸ¿,dark skin tone | sorcerer | sorceress | witch | wizard
ğŸ§™â€â™€ï¸,sorceress | witch
ğŸ§™ğŸ»â€â™€ï¸,light skin tone | sorceress | witch
ğŸ§™ğŸ¼â€â™€ï¸,medium-light skin tone | sorceress | witch
ğŸ§™ğŸ½â€â™€ï¸,medium skin tone | sorceress | witch
ğŸ§™ğŸ¾â€â™€ï¸,medium-dark skin tone | sorceress | witch
ğŸ§™ğŸ¿â€â™€ï¸,dark skin tone | sorceress | witch
ğŸ§™â€â™‚ï¸,sorcerer | wizard
ğŸ§™ğŸ»â€â™‚ï¸,light skin tone | sorcerer | wizard
ğŸ§™ğŸ¼â€â™‚ï¸,medium-light skin tone | sorcerer | wizard
ğŸ§™ğŸ½â€â™‚ï¸,medium skin tone | sorcerer | wizard
ğŸ§™ğŸ¾â€â™‚ï¸,medium-dark skin tone | sorcerer | wizard
ğŸ§™ğŸ¿â€â™‚ï¸,dark skin tone | sorcerer | wizard
ğŸ§š,Oberon | Puck | Titania
ğŸ§šğŸ»,Oberon | Puck | Titania | light skin tone
ğŸ§šğŸ¼,Oberon | Puck | Titania | medium-light skin tone
ğŸ§šğŸ½,Oberon | Puck | Titania | medium skin tone
ğŸ§šğŸ¾,Oberon | Puck | Titania | medium-dark skin tone
ğŸ§šğŸ¿,Oberon | Puck | Titania | dark skin tone
ğŸ§šâ€â™€ï¸,Titania
ğŸ§šğŸ»â€â™€ï¸,Titania | light skin tone
ğŸ§šğŸ¼â€â™€ï¸,Titania | medium-light skin tone
ğŸ§šğŸ½â€â™€ï¸,Titania | medium skin tone
ğŸ§šğŸ¾â€â™€ï¸,Titania | medium-dark skin tone
ğŸ§šğŸ¿â€â™€ï¸,Titania | dark skin tone
ğŸ§šâ€â™‚ï¸,Oberon | Puck
ğŸ§šğŸ»â€â™‚ï¸,Oberon | Puck | light skin tone
ğŸ§šğŸ¼â€â™‚ï¸,Oberon | Puck | medium-light skin tone
ğŸ§šğŸ½â€â™‚ï¸,Oberon | Puck | medium skin tone
ğŸ§šğŸ¾â€â™‚ï¸,Oberon | Puck | medium-dark skin tone
ğŸ§šğŸ¿â€â™‚ï¸,Oberon | Puck | dark skin tone
ğŸ§›,Dracula | undead
ğŸ§›ğŸ»,Dracula | light skin tone | undead
ğŸ§›ğŸ¼,Dracula | medium-light skin tone | undead
ğŸ§›ğŸ½,Dracula | medium skin tone | undead
ğŸ§›ğŸ¾,Dracula | medium-dark skin tone | undead
ğŸ§›ğŸ¿,Dracula | dark skin tone | undead
ğŸ§›â€â™€ï¸,undead
ğŸ§›ğŸ»â€â™€ï¸,light skin tone | undead
ğŸ§›ğŸ¼â€â™€ï¸,medium-light skin tone | undead
ğŸ§›ğŸ½â€â™€ï¸,medium skin tone | undead
ğŸ§›ğŸ¾â€â™€ï¸,medium-dark skin tone | undead
ğŸ§›ğŸ¿â€â™€ï¸,dark skin tone | undead
ğŸ§›â€â™‚ï¸,Dracula | undead
ğŸ§›ğŸ»â€â™‚ï¸,Dracula | light skin tone | undead
ğŸ§›ğŸ¼â€â™‚ï¸,Dracula | medium-light skin tone | undead
ğŸ§›ğŸ½â€â™‚ï¸,Dracula | medium skin tone | undead
ğŸ§›ğŸ¾â€â™‚ï¸,Dracula | medium-dark skin tone | undead
ğŸ§›ğŸ¿â€â™‚ï¸,Dracula | dark skin tone | undead
ğŸ§œ,mermaid | merman | merwoman
ğŸ§œğŸ»,light skin tone | mermaid | merman | merwoman
ğŸ§œğŸ¼,medium-light skin tone | mermaid | merman | merwoman
ğŸ§œğŸ½,medium skin tone | mermaid | merman | merwoman
ğŸ§œğŸ¾,medium-dark skin tone | mermaid | merman | merwoman
ğŸ§œğŸ¿,dark skin tone | mermaid | merman | merwoman
ğŸ§œâ€â™€ï¸,merwoman
ğŸ§œğŸ»â€â™€ï¸,light skin tone | merwoman
ğŸ§œğŸ¼â€â™€ï¸,medium-light skin tone | merwoman
ğŸ§œğŸ½â€â™€ï¸,medium skin tone | merwoman
ğŸ§œğŸ¾â€â™€ï¸,medium-dark skin tone | merwoman
ğŸ§œğŸ¿â€â™€ï¸,dark skin tone | merwoman
ğŸ§œâ€â™‚ï¸,
ğŸ§œğŸ»â€â™‚ï¸,light skin tone
ğŸ§œğŸ¼â€â™‚ï¸,medium-light skin tone
ğŸ§œğŸ½â€â™‚ï¸,medium skin tone
ğŸ§œğŸ¾â€â™‚ï¸,medium-dark skin tone
ğŸ§œğŸ¿â€â™‚ï¸,dark skin tone
ğŸ§,<span class="keye">LOTR style</span>
ğŸ§ğŸ»,light skin tone
ğŸ§ğŸ¼,medium-light skin tone
ğŸ§ğŸ½,medium skin tone
ğŸ§ğŸ¾,medium-dark skin tone
ğŸ§ğŸ¿,dark skin tone
ğŸ§â€â™€ï¸,
ğŸ§ğŸ»â€â™€ï¸,light skin tone
ğŸ§ğŸ¼â€â™€ï¸,medium-light skin tone
ğŸ§ğŸ½â€â™€ï¸,medium skin tone
ğŸ§ğŸ¾â€â™€ï¸,medium-dark skin tone
ğŸ§ğŸ¿â€â™€ï¸,dark skin tone
ğŸ§â€â™‚ï¸,
ğŸ§ğŸ»â€â™‚ï¸,light skin tone
ğŸ§ğŸ¼â€â™‚ï¸,medium-light skin tone
ğŸ§ğŸ½â€â™‚ï¸,medium skin tone
ğŸ§ğŸ¾â€â™‚ï¸,medium-dark skin tone
ğŸ§ğŸ¿â€â™‚ï¸,dark skin tone
ğŸ§,djinn | <span class="keye">(non-human color)</span>
ğŸ§â€â™€ï¸,djinn
ğŸ§â€â™‚ï¸,djinn
ğŸ§Ÿ,undead | walking dead | <span class="keye">(non-human color)</span>
ğŸ§Ÿâ€â™€ï¸,undead | walking dead
ğŸ§Ÿâ€â™‚ï¸,undead | walking dead
ğŸ™,frown | gesture
ğŸ™ğŸ»,frown | gesture | light skin tone
ğŸ™ğŸ¼,frown | gesture | medium-light skin tone
ğŸ™ğŸ½,frown | gesture | medium skin tone
ğŸ™ğŸ¾,frown | gesture | medium-dark skin tone
ğŸ™ğŸ¿,dark skin tone | frown | gesture
ğŸ™â€â™‚ï¸,frowning | gesture | man
ğŸ™ğŸ»â€â™‚ï¸,frowning | gesture | light skin tone | man
ğŸ™ğŸ¼â€â™‚ï¸,frowning | gesture | man | medium-light skin tone
ğŸ™ğŸ½â€â™‚ï¸,frowning | gesture | man | medium skin tone
ğŸ™ğŸ¾â€â™‚ï¸,frowning | gesture | man | medium-dark skin tone
ğŸ™ğŸ¿â€â™‚ï¸,dark skin tone | frowning | gesture | man
ğŸ™â€â™€ï¸,frowning | gesture | woman
ğŸ™ğŸ»â€â™€ï¸,frowning | gesture | light skin tone | woman
ğŸ™ğŸ¼â€â™€ï¸,frowning | gesture | medium-light skin tone | woman
ğŸ™ğŸ½â€â™€ï¸,frowning | gesture | medium skin tone | woman
ğŸ™ğŸ¾â€â™€ï¸,frowning | gesture | medium-dark skin tone | woman
ğŸ™ğŸ¿â€â™€ï¸,dark skin tone | frowning | gesture | woman
ğŸ™,gesture | pouting
ğŸ™ğŸ»,gesture | light skin tone | pouting
ğŸ™ğŸ¼,gesture | medium-light skin tone | pouting
ğŸ™ğŸ½,gesture | medium skin tone | pouting
ğŸ™ğŸ¾,gesture | medium-dark skin tone | pouting
ğŸ™ğŸ¿,dark skin tone | gesture | pouting
ğŸ™â€â™‚ï¸,gesture | man | pouting
ğŸ™ğŸ»â€â™‚ï¸,gesture | light skin tone | man | pouting
ğŸ™ğŸ¼â€â™‚ï¸,gesture | man | medium-light skin tone | pouting
ğŸ™ğŸ½â€â™‚ï¸,gesture | man | medium skin tone | pouting
ğŸ™ğŸ¾â€â™‚ï¸,gesture | man | medium-dark skin tone | pouting
ğŸ™ğŸ¿â€â™‚ï¸,dark skin tone | gesture | man | pouting
ğŸ™â€â™€ï¸,gesture | pouting | woman
ğŸ™ğŸ»â€â™€ï¸,gesture | light skin tone | pouting | woman
ğŸ™ğŸ¼â€â™€ï¸,gesture | medium-light skin tone | pouting | woman
ğŸ™ğŸ½â€â™€ï¸,gesture | medium skin tone | pouting | woman
ğŸ™ğŸ¾â€â™€ï¸,gesture | medium-dark skin tone | pouting | woman
ğŸ™ğŸ¿â€â™€ï¸,dark skin tone | gesture | pouting | woman
ğŸ™…,forbidden | gesture | hand | no | not | prohibited
ğŸ™…ğŸ»,forbidden | gesture | hand | light skin tone | no | not | prohibited
ğŸ™…ğŸ¼,forbidden | gesture | hand | medium-light skin tone | no | not | prohibited
ğŸ™…ğŸ½,forbidden | gesture | hand | medium skin tone | no | not | prohibited
ğŸ™…ğŸ¾,forbidden | gesture | hand | medium-dark skin tone | no | not | prohibited
ğŸ™…ğŸ¿,dark skin tone | forbidden | gesture | hand | no | not | prohibited
ğŸ™…â€â™‚ï¸,forbidden | gesture | hand | man | no | prohibited
ğŸ™…ğŸ»â€â™‚ï¸,forbidden | gesture | hand | light skin tone | man | no | prohibited
ğŸ™…ğŸ¼â€â™‚ï¸,forbidden | gesture | hand | man | medium-light skin tone | no | prohibited
ğŸ™…ğŸ½â€â™‚ï¸,forbidden | gesture | hand | man | medium skin tone | no | prohibited
ğŸ™…ğŸ¾â€â™‚ï¸,forbidden | gesture | hand | man | medium-dark skin tone | no | prohibited
ğŸ™…ğŸ¿â€â™‚ï¸,dark skin tone | forbidden | gesture | hand | man | no | prohibited
ğŸ™…â€â™€ï¸,forbidden | gesture | hand | no | prohibited | woman
ğŸ™…ğŸ»â€â™€ï¸,forbidden | gesture | hand | light skin tone | no | prohibited | woman
ğŸ™…ğŸ¼â€â™€ï¸,forbidden | gesture | hand | medium-light skin tone | no | prohibited | woman
ğŸ™…ğŸ½â€â™€ï¸,forbidden | gesture | hand | medium skin tone | no | prohibited | woman
ğŸ™…ğŸ¾â€â™€ï¸,forbidden | gesture | hand | medium-dark skin tone | no | prohibited | woman
ğŸ™…ğŸ¿â€â™€ï¸,dark skin tone | forbidden | gesture | hand | no | prohibited | woman
ğŸ™†,OK | gesture | hand
ğŸ™†ğŸ»,OK | gesture | hand | light skin tone
ğŸ™†ğŸ¼,OK | gesture | hand | medium-light skin tone
ğŸ™†ğŸ½,OK | gesture | hand | medium skin tone
ğŸ™†ğŸ¾,OK | gesture | hand | medium-dark skin tone
ğŸ™†ğŸ¿,OK | dark skin tone | gesture | hand
ğŸ™†â€â™‚ï¸,OK | gesture | hand | man
ğŸ™†ğŸ»â€â™‚ï¸,OK | gesture | hand | light skin tone | man
ğŸ™†ğŸ¼â€â™‚ï¸,OK | gesture | hand | man | medium-light skin tone
ğŸ™†ğŸ½â€â™‚ï¸,OK | gesture | hand | man | medium skin tone
ğŸ™†ğŸ¾â€â™‚ï¸,OK | gesture | hand | man | medium-dark skin tone
ğŸ™†ğŸ¿â€â™‚ï¸,OK | dark skin tone | gesture | hand | man
ğŸ™†â€â™€ï¸,OK | gesture | hand | woman
ğŸ™†ğŸ»â€â™€ï¸,OK | gesture | hand | light skin tone | woman
ğŸ™†ğŸ¼â€â™€ï¸,OK | gesture | hand | medium-light skin tone | woman
ğŸ™†ğŸ½â€â™€ï¸,OK | gesture | hand | medium skin tone | woman
ğŸ™†ğŸ¾â€â™€ï¸,OK | gesture | hand | medium-dark skin tone | woman
ğŸ™†ğŸ¿â€â™€ï¸,OK | dark skin tone | gesture | hand | woman
ğŸ’,hand | help | information | sassy | tipping
ğŸ’ğŸ»,hand | help | information | light skin tone | sassy | tipping
ğŸ’ğŸ¼,hand | help | information | medium-light skin tone | sassy | tipping
ğŸ’ğŸ½,hand | help | information | medium skin tone | sassy | tipping
ğŸ’ğŸ¾,hand | help | information | medium-dark skin tone | sassy | tipping
ğŸ’ğŸ¿,dark skin tone | hand | help | information | sassy | tipping
ğŸ’â€â™‚ï¸,man | sassy | tipping hand
ğŸ’ğŸ»â€â™‚ï¸,light skin tone | man | sassy | tipping hand
ğŸ’ğŸ¼â€â™‚ï¸,man | medium-light skin tone | sassy | tipping hand
ğŸ’ğŸ½â€â™‚ï¸,man | medium skin tone | sassy | tipping hand
ğŸ’ğŸ¾â€â™‚ï¸,man | medium-dark skin tone | sassy | tipping hand
ğŸ’ğŸ¿â€â™‚ï¸,dark skin tone | man | sassy | tipping hand
ğŸ’â€â™€ï¸,sassy | tipping hand | woman
ğŸ’ğŸ»â€â™€ï¸,light skin tone | sassy | tipping hand | woman
ğŸ’ğŸ¼â€â™€ï¸,medium-light skin tone | sassy | tipping hand | woman
ğŸ’ğŸ½â€â™€ï¸,medium skin tone | sassy | tipping hand | woman
ğŸ’ğŸ¾â€â™€ï¸,medium-dark skin tone | sassy | tipping hand | woman
ğŸ’ğŸ¿â€â™€ï¸,dark skin tone | sassy | tipping hand | woman
ğŸ™‹,gesture | hand | happy | raised
ğŸ™‹ğŸ»,gesture | hand | happy | light skin tone | raised
ğŸ™‹ğŸ¼,gesture | hand | happy | medium-light skin tone | raised
ğŸ™‹ğŸ½,gesture | hand | happy | medium skin tone | raised
ğŸ™‹ğŸ¾,gesture | hand | happy | medium-dark skin tone | raised
ğŸ™‹ğŸ¿,dark skin tone | gesture | hand | happy | raised
ğŸ™‹â€â™‚ï¸,gesture | man | raising hand
ğŸ™‹ğŸ»â€â™‚ï¸,gesture | light skin tone | man | raising hand
ğŸ™‹ğŸ¼â€â™‚ï¸,gesture | man | medium-light skin tone | raising hand
ğŸ™‹ğŸ½â€â™‚ï¸,gesture | man | medium skin tone | raising hand
ğŸ™‹ğŸ¾â€â™‚ï¸,gesture | man | medium-dark skin tone | raising hand
ğŸ™‹ğŸ¿â€â™‚ï¸,dark skin tone | gesture | man | raising hand
ğŸ™‹â€â™€ï¸,gesture | raising hand | woman
ğŸ™‹ğŸ»â€â™€ï¸,gesture | light skin tone | raising hand | woman
ğŸ™‹ğŸ¼â€â™€ï¸,gesture | medium-light skin tone | raising hand | woman
ğŸ™‹ğŸ½â€â™€ï¸,gesture | medium skin tone | raising hand | woman
ğŸ™‹ğŸ¾â€â™€ï¸,gesture | medium-dark skin tone | raising hand | woman
ğŸ™‹ğŸ¿â€â™€ï¸,dark skin tone | gesture | raising hand | woman
ğŸ™‡,apology | bow | gesture | sorry
ğŸ™‡ğŸ»,apology | bow | gesture | light skin tone | sorry
ğŸ™‡ğŸ¼,apology | bow | gesture | medium-light skin tone | sorry
ğŸ™‡ğŸ½,apology | bow | gesture | medium skin tone | sorry
ğŸ™‡ğŸ¾,apology | bow | gesture | medium-dark skin tone | sorry
ğŸ™‡ğŸ¿,apology | bow | dark skin tone | gesture | sorry
ğŸ™‡â€â™‚ï¸,apology | bowing | favor | gesture | man | sorry
ğŸ™‡ğŸ»â€â™‚ï¸,apology | bowing | favor | gesture | light skin tone | man | sorry
ğŸ™‡ğŸ¼â€â™‚ï¸,apology | bowing | favor | gesture | man | medium-light skin tone | sorry
ğŸ™‡ğŸ½â€â™‚ï¸,apology | bowing | favor | gesture | man | medium skin tone | sorry
ğŸ™‡ğŸ¾â€â™‚ï¸,apology | bowing | favor | gesture | man | medium-dark skin tone | sorry
ğŸ™‡ğŸ¿â€â™‚ï¸,apology | bowing | dark skin tone | favor | gesture | man | sorry
ğŸ™‡â€â™€ï¸,apology | bowing | favor | gesture | sorry | woman
ğŸ™‡ğŸ»â€â™€ï¸,apology | bowing | favor | gesture | light skin tone | sorry | woman
ğŸ™‡ğŸ¼â€â™€ï¸,apology | bowing | favor | gesture | medium-light skin tone | sorry | woman
ğŸ™‡ğŸ½â€â™€ï¸,apology | bowing | favor | gesture | medium skin tone | sorry | woman
ğŸ™‡ğŸ¾â€â™€ï¸,apology | bowing | favor | gesture | medium-dark skin tone | sorry | woman
ğŸ™‡ğŸ¿â€â™€ï¸,apology | bowing | dark skin tone | favor | gesture | sorry | woman
ğŸ¤¦,disbelief | exasperation | face | palm
ğŸ¤¦ğŸ»,disbelief | exasperation | face | light skin tone | palm
ğŸ¤¦ğŸ¼,disbelief | exasperation | face | medium-light skin tone | palm
ğŸ¤¦ğŸ½,disbelief | exasperation | face | medium skin tone | palm
ğŸ¤¦ğŸ¾,disbelief | exasperation | face | medium-dark skin tone | palm
ğŸ¤¦ğŸ¿,dark skin tone | disbelief | exasperation | face | palm
ğŸ¤¦â€â™‚ï¸,disbelief | exasperation | facepalm | man
ğŸ¤¦ğŸ»â€â™‚ï¸,disbelief | exasperation | facepalm | light skin tone | man
ğŸ¤¦ğŸ¼â€â™‚ï¸,disbelief | exasperation | facepalm | man | medium-light skin tone
ğŸ¤¦ğŸ½â€â™‚ï¸,disbelief | exasperation | facepalm | man | medium skin tone
ğŸ¤¦ğŸ¾â€â™‚ï¸,disbelief | exasperation | facepalm | man | medium-dark skin tone
ğŸ¤¦ğŸ¿â€â™‚ï¸,dark skin tone | disbelief | exasperation | facepalm | man
ğŸ¤¦â€â™€ï¸,disbelief | exasperation | facepalm | woman
ğŸ¤¦ğŸ»â€â™€ï¸,disbelief | exasperation | facepalm | light skin tone | woman
ğŸ¤¦ğŸ¼â€â™€ï¸,disbelief | exasperation | facepalm | medium-light skin tone | woman
ğŸ¤¦ğŸ½â€â™€ï¸,disbelief | exasperation | facepalm | medium skin tone | woman
ğŸ¤¦ğŸ¾â€â™€ï¸,disbelief | exasperation | facepalm | medium-dark skin tone | woman
ğŸ¤¦ğŸ¿â€â™€ï¸,dark skin tone | disbelief | exasperation | facepalm | woman
ğŸ¤·,doubt | ignorance | indifference | shrug
ğŸ¤·ğŸ»,doubt | ignorance | indifference | light skin tone | shrug
ğŸ¤·ğŸ¼,doubt | ignorance | indifference | medium-light skin tone | shrug
ğŸ¤·ğŸ½,doubt | ignorance | indifference | medium skin tone | shrug
ğŸ¤·ğŸ¾,doubt | ignorance | indifference | medium-dark skin tone | shrug
ğŸ¤·ğŸ¿,dark skin tone | doubt | ignorance | indifference | shrug
ğŸ¤·â€â™‚ï¸,doubt | ignorance | indifference | man | shrug
ğŸ¤·ğŸ»â€â™‚ï¸,doubt | ignorance | indifference | light skin tone | man | shrug
ğŸ¤·ğŸ¼â€â™‚ï¸,doubt | ignorance | indifference | man | medium-light skin tone | shrug
ğŸ¤·ğŸ½â€â™‚ï¸,doubt | ignorance | indifference | man | medium skin tone | shrug
ğŸ¤·ğŸ¾â€â™‚ï¸,doubt | ignorance | indifference | man | medium-dark skin tone | shrug
ğŸ¤·ğŸ¿â€â™‚ï¸,dark skin tone | doubt | ignorance | indifference | man | shrug
ğŸ¤·â€â™€ï¸,doubt | ignorance | indifference | shrug | woman
ğŸ¤·ğŸ»â€â™€ï¸,doubt | ignorance | indifference | light skin tone | shrug | woman
ğŸ¤·ğŸ¼â€â™€ï¸,doubt | ignorance | indifference | medium-light skin tone | shrug | woman
ğŸ¤·ğŸ½â€â™€ï¸,doubt | ignorance | indifference | medium skin tone | shrug | woman
ğŸ¤·ğŸ¾â€â™€ï¸,doubt | ignorance | indifference | medium-dark skin tone | shrug | woman
ğŸ¤·ğŸ¿â€â™€ï¸,dark skin tone | doubt | ignorance | indifference | shrug | woman
ğŸ’†,face | massage | salon
ğŸ’†ğŸ»,face | light skin tone | massage | salon
ğŸ’†ğŸ¼,face | massage | medium-light skin tone | salon
ğŸ’†ğŸ½,face | massage | medium skin tone | salon
ğŸ’†ğŸ¾,face | massage | medium-dark skin tone | salon
ğŸ’†ğŸ¿,dark skin tone | face | massage | salon
ğŸ’†â€â™‚ï¸,face | man | massage
ğŸ’†ğŸ»â€â™‚ï¸,face | light skin tone | man | massage
ğŸ’†ğŸ¼â€â™‚ï¸,face | man | massage | medium-light skin tone
ğŸ’†ğŸ½â€â™‚ï¸,face | man | massage | medium skin tone
ğŸ’†ğŸ¾â€â™‚ï¸,face | man | massage | medium-dark skin tone
ğŸ’†ğŸ¿â€â™‚ï¸,dark skin tone | face | man | massage
ğŸ’†â€â™€ï¸,face | massage | woman
ğŸ’†ğŸ»â€â™€ï¸,face | light skin tone | massage | woman
ğŸ’†ğŸ¼â€â™€ï¸,face | massage | medium-light skin tone | woman
ğŸ’†ğŸ½â€â™€ï¸,face | massage | medium skin tone | woman
ğŸ’†ğŸ¾â€â™€ï¸,face | massage | medium-dark skin tone | woman
ğŸ’†ğŸ¿â€â™€ï¸,dark skin tone | face | massage | woman
ğŸ’‡,barber | beauty | haircut | parlor
ğŸ’‡ğŸ»,barber | beauty | haircut | light skin tone | parlor
ğŸ’‡ğŸ¼,barber | beauty | haircut | medium-light skin tone | parlor
ğŸ’‡ğŸ½,barber | beauty | haircut | medium skin tone | parlor
ğŸ’‡ğŸ¾,barber | beauty | haircut | medium-dark skin tone | parlor
ğŸ’‡ğŸ¿,barber | beauty | dark skin tone | haircut | parlor
ğŸ’‡â€â™‚ï¸,haircut | man
ğŸ’‡ğŸ»â€â™‚ï¸,haircut | light skin tone | man
ğŸ’‡ğŸ¼â€â™‚ï¸,haircut | man | medium-light skin tone
ğŸ’‡ğŸ½â€â™‚ï¸,haircut | man | medium skin tone
ğŸ’‡ğŸ¾â€â™‚ï¸,haircut | man | medium-dark skin tone
ğŸ’‡ğŸ¿â€â™‚ï¸,dark skin tone | haircut | man
ğŸ’‡â€â™€ï¸,haircut | woman
ğŸ’‡ğŸ»â€â™€ï¸,haircut | light skin tone | woman
ğŸ’‡ğŸ¼â€â™€ï¸,haircut | medium-light skin tone | woman
ğŸ’‡ğŸ½â€â™€ï¸,haircut | medium skin tone | woman
ğŸ’‡ğŸ¾â€â™€ï¸,haircut | medium-dark skin tone | woman
ğŸ’‡ğŸ¿â€â™€ï¸,dark skin tone | haircut | woman
ğŸš¶,hike | walk | walking
ğŸš¶ğŸ»,hike | light skin tone | walk | walking
ğŸš¶ğŸ¼,hike | medium-light skin tone | walk | walking
ğŸš¶ğŸ½,hike | medium skin tone | walk | walking
ğŸš¶ğŸ¾,hike | medium-dark skin tone | walk | walking
ğŸš¶ğŸ¿,dark skin tone | hike | walk | walking
ğŸš¶â€â™‚ï¸,hike | man | walk
ğŸš¶ğŸ»â€â™‚ï¸,hike | light skin tone | man | walk
ğŸš¶ğŸ¼â€â™‚ï¸,hike | man | medium-light skin tone | walk
ğŸš¶ğŸ½â€â™‚ï¸,hike | man | medium skin tone | walk
ğŸš¶ğŸ¾â€â™‚ï¸,hike | man | medium-dark skin tone | walk
ğŸš¶ğŸ¿â€â™‚ï¸,dark skin tone | hike | man | walk
ğŸš¶â€â™€ï¸,hike | walk | woman
ğŸš¶ğŸ»â€â™€ï¸,hike | light skin tone | walk | woman
ğŸš¶ğŸ¼â€â™€ï¸,hike | medium-light skin tone | walk | woman
ğŸš¶ğŸ½â€â™€ï¸,hike | medium skin tone | walk | woman
ğŸš¶ğŸ¾â€â™€ï¸,hike | medium-dark skin tone | walk | woman
ğŸš¶ğŸ¿â€â™€ï¸,dark skin tone | hike | walk | woman
ğŸƒ,marathon | running
ğŸƒğŸ»,light skin tone | marathon | running
ğŸƒğŸ¼,marathon | medium-light skin tone | running
ğŸƒğŸ½,marathon | medium skin tone | running
ğŸƒğŸ¾,marathon | medium-dark skin tone | running
ğŸƒğŸ¿,dark skin tone | marathon | running
ğŸƒâ€â™‚ï¸,man | marathon | racing | running
ğŸƒğŸ»â€â™‚ï¸,light skin tone | man | marathon | racing | running
ğŸƒğŸ¼â€â™‚ï¸,man | marathon | medium-light skin tone | racing | running
ğŸƒğŸ½â€â™‚ï¸,man | marathon | medium skin tone | racing | running
ğŸƒğŸ¾â€â™‚ï¸,man | marathon | medium-dark skin tone | racing | running
ğŸƒğŸ¿â€â™‚ï¸,dark skin tone | man | marathon | racing | running
ğŸƒâ€â™€ï¸,marathon | racing | running | woman
ğŸƒğŸ»â€â™€ï¸,light skin tone | marathon | racing | running | woman
ğŸƒğŸ¼â€â™€ï¸,marathon | medium-light skin tone | racing | running | woman
ğŸƒğŸ½â€â™€ï¸,marathon | medium skin tone | racing | running | woman
ğŸƒğŸ¾â€â™€ï¸,marathon | medium-dark skin tone | racing | running | woman
ğŸƒğŸ¿â€â™€ï¸,dark skin tone | marathon | racing | running | woman
ğŸ’ƒ,dancing | woman
ğŸ’ƒğŸ»,dancing | light skin tone | woman
ğŸ’ƒğŸ¼,dancing | medium-light skin tone | woman
ğŸ’ƒğŸ½,dancing | medium skin tone | woman
ğŸ’ƒğŸ¾,dancing | medium-dark skin tone | woman
ğŸ’ƒğŸ¿,dancing | dark skin tone | woman
ğŸ•º,dance | man
ğŸ•ºğŸ»,dance | light skin tone | man
ğŸ•ºğŸ¼,dance | man | medium-light skin tone
ğŸ•ºğŸ½,dance | man | medium skin tone
ğŸ•ºğŸ¾,dance | man | medium-dark skin tone
ğŸ•ºğŸ¿,dance | dark skin tone | man
ğŸ‘¯,bunny ear | dancer | partying
ğŸ‘¯â€â™‚ï¸,bunny ear | dancer | men | partying
ğŸ‘¯â€â™€ï¸,bunny ear | dancer | partying | women
ğŸ§–,sauna | steam room | <span class="keye">hamam</span> | <span class="keye">steambath</span>
ğŸ§–ğŸ»,light skin tone | sauna | steam room
ğŸ§–ğŸ¼,medium-light skin tone | sauna | steam room
ğŸ§–ğŸ½,medium skin tone | sauna | steam room
ğŸ§–ğŸ¾,medium-dark skin tone | sauna | steam room
ğŸ§–ğŸ¿,dark skin tone | sauna | steam room
ğŸ§–â€â™€ï¸,sauna | steam room
ğŸ§–ğŸ»â€â™€ï¸,light skin tone | sauna | steam room
ğŸ§–ğŸ¼â€â™€ï¸,medium-light skin tone | sauna | steam room
ğŸ§–ğŸ½â€â™€ï¸,medium skin tone | sauna | steam room
ğŸ§–ğŸ¾â€â™€ï¸,medium-dark skin tone | sauna | steam room
ğŸ§–ğŸ¿â€â™€ï¸,dark skin tone | sauna | steam room
ğŸ§–â€â™‚ï¸,sauna | steam room
ğŸ§–ğŸ»â€â™‚ï¸,light skin tone | sauna | steam room
ğŸ§–ğŸ¼â€â™‚ï¸,medium-light skin tone | sauna | steam room
ğŸ§–ğŸ½â€â™‚ï¸,medium skin tone | sauna | steam room
ğŸ§–ğŸ¾â€â™‚ï¸,medium-dark skin tone | sauna | steam room
ğŸ§–ğŸ¿â€â™‚ï¸,dark skin tone | sauna | steam room
ğŸ§—,
ğŸ§—ğŸ»,light skin tone
ğŸ§—ğŸ¼,medium-light skin tone
ğŸ§—ğŸ½,medium skin tone
ğŸ§—ğŸ¾,medium-dark skin tone
ğŸ§—ğŸ¿,dark skin tone
ğŸ§—â€â™€ï¸,
ğŸ§—ğŸ»â€â™€ï¸,light skin tone
ğŸ§—ğŸ¼â€â™€ï¸,medium-light skin tone
ğŸ§—ğŸ½â€â™€ï¸,medium skin tone
ğŸ§—ğŸ¾â€â™€ï¸,medium-dark skin tone
ğŸ§—ğŸ¿â€â™€ï¸,dark skin tone
ğŸ§—â€â™‚ï¸,
ğŸ§—ğŸ»â€â™‚ï¸,light skin tone
ğŸ§—ğŸ¼â€â™‚ï¸,medium-light skin tone
ğŸ§—ğŸ½â€â™‚ï¸,medium skin tone
ğŸ§—ğŸ¾â€â™‚ï¸,medium-dark skin tone
ğŸ§—ğŸ¿â€â™‚ï¸,dark skin tone
ğŸ§˜,meditation | yoga | <span class="keye">serenity</span>
ğŸ§˜ğŸ»,light skin tone | meditation | yoga
ğŸ§˜ğŸ¼,meditation | medium-light skin tone | yoga
ğŸ§˜ğŸ½,meditation | medium skin tone | yoga
ğŸ§˜ğŸ¾,meditation | medium-dark skin tone | yoga
ğŸ§˜ğŸ¿,dark skin tone | meditation | yoga
ğŸ§˜â€â™€ï¸,meditation | yoga
ğŸ§˜ğŸ»â€â™€ï¸,light skin tone | meditation | yoga
ğŸ§˜ğŸ¼â€â™€ï¸,meditation | medium-light skin tone | yoga
ğŸ§˜ğŸ½â€â™€ï¸,meditation | medium skin tone | yoga
ğŸ§˜ğŸ¾â€â™€ï¸,meditation | medium-dark skin tone | yoga
ğŸ§˜ğŸ¿â€â™€ï¸,dark skin tone | meditation | yoga
ğŸ§˜â€â™‚ï¸,meditation | yoga
ğŸ§˜ğŸ»â€â™‚ï¸,light skin tone | meditation | yoga
ğŸ§˜ğŸ¼â€â™‚ï¸,meditation | medium-light skin tone | yoga
ğŸ§˜ğŸ½â€â™‚ï¸,meditation | medium skin tone | yoga
ğŸ§˜ğŸ¾â€â™‚ï¸,meditation | medium-dark skin tone | yoga
ğŸ§˜ğŸ¿â€â™‚ï¸,dark skin tone | meditation | yoga
ğŸ›€,bath | bathtub
ğŸ›€ğŸ»,bath | bathtub | light skin tone
ğŸ›€ğŸ¼,bath | bathtub | medium-light skin tone
ğŸ›€ğŸ½,bath | bathtub | medium skin tone
ğŸ›€ğŸ¾,bath | bathtub | medium-dark skin tone
ğŸ›€ğŸ¿,bath | bathtub | dark skin tone
ğŸ›Œ,hotel | sleep
ğŸ›ŒğŸ»,hotel | light skin tone | sleep
ğŸ›ŒğŸ¼,hotel | medium-light skin tone | sleep
ğŸ›ŒğŸ½,hotel | medium skin tone | sleep
ğŸ›ŒğŸ¾,hotel | medium-dark skin tone | sleep
ğŸ›ŒğŸ¿,dark skin tone | hotel | sleep
ğŸ•´,business | man | suit
ğŸ•´ğŸ»,business | light skin tone | man | suit
ğŸ•´ğŸ¼,business | man | medium-light skin tone | suit
ğŸ•´ğŸ½,business | man | medium skin tone | suit
ğŸ•´ğŸ¾,business | man | medium-dark skin tone | suit
ğŸ•´ğŸ¿,business | dark skin tone | man | suit
ğŸ—£,face | head | silhouette | speak | speaking
ğŸ‘¤,bust | silhouette
ğŸ‘¥,bust | silhouette
ğŸ¤º,fencer | fencing | sword
ğŸ‡,horse | jockey | racehorse | racing
ğŸ‡ğŸ»,horse | jockey | light skin tone | racehorse | racing
ğŸ‡ğŸ¼,horse | jockey | medium-light skin tone | racehorse | racing
ğŸ‡ğŸ½,horse | jockey | medium skin tone | racehorse | racing
ğŸ‡ğŸ¾,horse | jockey | medium-dark skin tone | racehorse | racing
ğŸ‡ğŸ¿,dark skin tone | horse | jockey | racehorse | racing
â›·,ski | snow
ğŸ‚,ski | snow | snowboard
ğŸ‚ğŸ»,light skin tone | ski | snow | snowboard
ğŸ‚ğŸ¼,medium-light skin tone | ski | snow | snowboard
ğŸ‚ğŸ½,medium skin tone | ski | snow | snowboard
ğŸ‚ğŸ¾,medium-dark skin tone | ski | snow | snowboard
ğŸ‚ğŸ¿,dark skin tone | ski | snow | snowboard
ğŸŒ,ball | golf
ğŸŒğŸ»,ball | golf | light skin tone
ğŸŒğŸ¼,ball | golf | medium-light skin tone
ğŸŒğŸ½,ball | golf | medium skin tone
ğŸŒğŸ¾,ball | golf | medium-dark skin tone
ğŸŒğŸ¿,ball | dark skin tone | golf
ğŸŒï¸â€â™‚ï¸,golf | man
ğŸŒğŸ»â€â™‚ï¸,golf | light skin tone | man
ğŸŒğŸ¼â€â™‚ï¸,golf | man | medium-light skin tone
ğŸŒğŸ½â€â™‚ï¸,golf | man | medium skin tone
ğŸŒğŸ¾â€â™‚ï¸,golf | man | medium-dark skin tone
ğŸŒğŸ¿â€â™‚ï¸,dark skin tone | golf | man
ğŸŒï¸â€â™€ï¸,golf | woman
ğŸŒğŸ»â€â™€ï¸,golf | light skin tone | woman
ğŸŒğŸ¼â€â™€ï¸,golf | medium-light skin tone | woman
ğŸŒğŸ½â€â™€ï¸,golf | medium skin tone | woman
ğŸŒğŸ¾â€â™€ï¸,golf | medium-dark skin tone | woman
ğŸŒğŸ¿â€â™€ï¸,dark skin tone | golf | woman
ğŸ„,surfing
ğŸ„ğŸ»,light skin tone | surfing
ğŸ„ğŸ¼,medium-light skin tone | surfing
ğŸ„ğŸ½,medium skin tone | surfing
ğŸ„ğŸ¾,medium-dark skin tone | surfing
ğŸ„ğŸ¿,dark skin tone | surfing
ğŸ„â€â™‚ï¸,man | surfing
ğŸ„ğŸ»â€â™‚ï¸,light skin tone | man | surfing
ğŸ„ğŸ¼â€â™‚ï¸,man | medium-light skin tone | surfing
ğŸ„ğŸ½â€â™‚ï¸,man | medium skin tone | surfing
ğŸ„ğŸ¾â€â™‚ï¸,man | medium-dark skin tone | surfing
ğŸ„ğŸ¿â€â™‚ï¸,dark skin tone | man | surfing
ğŸ„â€â™€ï¸,surfing | woman
ğŸ„ğŸ»â€â™€ï¸,light skin tone | surfing | woman
ğŸ„ğŸ¼â€â™€ï¸,medium-light skin tone | surfing | woman
ğŸ„ğŸ½â€â™€ï¸,medium skin tone | surfing | woman
ğŸ„ğŸ¾â€â™€ï¸,medium-dark skin tone | surfing | woman
ğŸ„ğŸ¿â€â™€ï¸,dark skin tone | surfing | woman
ğŸš£,boat | rowboat
ğŸš£ğŸ»,boat | light skin tone | rowboat
ğŸš£ğŸ¼,boat | medium-light skin tone | rowboat
ğŸš£ğŸ½,boat | medium skin tone | rowboat
ğŸš£ğŸ¾,boat | medium-dark skin tone | rowboat
ğŸš£ğŸ¿,boat | dark skin tone | rowboat
ğŸš£â€â™‚ï¸,boat | man | rowboat
ğŸš£ğŸ»â€â™‚ï¸,boat | light skin tone | man | rowboat
ğŸš£ğŸ¼â€â™‚ï¸,boat | man | medium-light skin tone | rowboat
ğŸš£ğŸ½â€â™‚ï¸,boat | man | medium skin tone | rowboat
ğŸš£ğŸ¾â€â™‚ï¸,boat | man | medium-dark skin tone | rowboat
ğŸš£ğŸ¿â€â™‚ï¸,boat | dark skin tone | man | rowboat
ğŸš£â€â™€ï¸,boat | rowboat | woman
ğŸš£ğŸ»â€â™€ï¸,boat | light skin tone | rowboat | woman
ğŸš£ğŸ¼â€â™€ï¸,boat | medium-light skin tone | rowboat | woman
ğŸš£ğŸ½â€â™€ï¸,boat | medium skin tone | rowboat | woman
ğŸš£ğŸ¾â€â™€ï¸,boat | medium-dark skin tone | rowboat | woman
ğŸš£ğŸ¿â€â™€ï¸,boat | dark skin tone | rowboat | woman
ğŸŠ,swim
ğŸŠğŸ»,light skin tone | swim
ğŸŠğŸ¼,medium-light skin tone | swim
ğŸŠğŸ½,medium skin tone | swim
ğŸŠğŸ¾,medium-dark skin tone | swim
ğŸŠğŸ¿,dark skin tone | swim
ğŸŠâ€â™‚ï¸,man | swim
ğŸŠğŸ»â€â™‚ï¸,light skin tone | man | swim
ğŸŠğŸ¼â€â™‚ï¸,man | medium-light skin tone | swim
ğŸŠğŸ½â€â™‚ï¸,man | medium skin tone | swim
ğŸŠğŸ¾â€â™‚ï¸,man | medium-dark skin tone | swim
ğŸŠğŸ¿â€â™‚ï¸,dark skin tone | man | swim
ğŸŠâ€â™€ï¸,swim | woman
ğŸŠğŸ»â€â™€ï¸,light skin tone | swim | woman
ğŸŠğŸ¼â€â™€ï¸,medium-light skin tone | swim | woman
ğŸŠğŸ½â€â™€ï¸,medium skin tone | swim | woman
ğŸŠğŸ¾â€â™€ï¸,medium-dark skin tone | swim | woman
ğŸŠğŸ¿â€â™€ï¸,dark skin tone | swim | woman
â›¹,ball
â›¹ğŸ»,ball | light skin tone
â›¹ğŸ¼,ball | medium-light skin tone
â›¹ğŸ½,ball | medium skin tone
â›¹ğŸ¾,ball | medium-dark skin tone
â›¹ğŸ¿,ball | dark skin tone
â›¹ï¸â€â™‚ï¸,ball | man
â›¹ğŸ»â€â™‚ï¸,ball | light skin tone | man
â›¹ğŸ¼â€â™‚ï¸,ball | man | medium-light skin tone
â›¹ğŸ½â€â™‚ï¸,ball | man | medium skin tone
â›¹ğŸ¾â€â™‚ï¸,ball | man | medium-dark skin tone
â›¹ğŸ¿â€â™‚ï¸,ball | dark skin tone | man
â›¹ï¸â€â™€ï¸,ball | woman
â›¹ğŸ»â€â™€ï¸,ball | light skin tone | woman
â›¹ğŸ¼â€â™€ï¸,ball | medium-light skin tone | woman
â›¹ğŸ½â€â™€ï¸,ball | medium skin tone | woman
â›¹ğŸ¾â€â™€ï¸,ball | medium-dark skin tone | woman
â›¹ğŸ¿â€â™€ï¸,ball | dark skin tone | woman
ğŸ‹,lifter | weight
ğŸ‹ğŸ»,lifter | light skin tone | weight
ğŸ‹ğŸ¼,lifter | medium-light skin tone | weight
ğŸ‹ğŸ½,lifter | medium skin tone | weight
ğŸ‹ğŸ¾,lifter | medium-dark skin tone | weight
ğŸ‹ğŸ¿,dark skin tone | lifter | weight
ğŸ‹ï¸â€â™‚ï¸,man | weight lifter
ğŸ‹ğŸ»â€â™‚ï¸,light skin tone | man | weight lifter
ğŸ‹ğŸ¼â€â™‚ï¸,man | medium-light skin tone | weight lifter
ğŸ‹ğŸ½â€â™‚ï¸,man | medium skin tone | weight lifter
ğŸ‹ğŸ¾â€â™‚ï¸,man | medium-dark skin tone | weight lifter
ğŸ‹ğŸ¿â€â™‚ï¸,dark skin tone | man | weight lifter
ğŸ‹ï¸â€â™€ï¸,weight lifter | woman
ğŸ‹ğŸ»â€â™€ï¸,light skin tone | weight lifter | woman
ğŸ‹ğŸ¼â€â™€ï¸,medium-light skin tone | weight lifter | woman
ğŸ‹ğŸ½â€â™€ï¸,medium skin tone | weight lifter | woman
ğŸ‹ğŸ¾â€â™€ï¸,medium-dark skin tone | weight lifter | woman
ğŸ‹ğŸ¿â€â™€ï¸,dark skin tone | weight lifter | woman
ğŸš´,bicycle | biking | cyclist
ğŸš´ğŸ»,bicycle | biking | cyclist | light skin tone
ğŸš´ğŸ¼,bicycle | biking | cyclist | medium-light skin tone
ğŸš´ğŸ½,bicycle | biking | cyclist | medium skin tone
ğŸš´ğŸ¾,bicycle | biking | cyclist | medium-dark skin tone
ğŸš´ğŸ¿,bicycle | biking | cyclist | dark skin tone
ğŸš´â€â™‚ï¸,bicycle | biking | cyclist | man
ğŸš´ğŸ»â€â™‚ï¸,bicycle | biking | cyclist | light skin tone | man
ğŸš´ğŸ¼â€â™‚ï¸,bicycle | biking | cyclist | man | medium-light skin tone
ğŸš´ğŸ½â€â™‚ï¸,bicycle | biking | cyclist | man | medium skin tone
ğŸš´ğŸ¾â€â™‚ï¸,bicycle | biking | cyclist | man | medium-dark skin tone
ğŸš´ğŸ¿â€â™‚ï¸,bicycle | biking | cyclist | dark skin tone | man
ğŸš´â€â™€ï¸,bicycle | biking | cyclist | woman
ğŸš´ğŸ»â€â™€ï¸,bicycle | biking | cyclist | light skin tone | woman
ğŸš´ğŸ¼â€â™€ï¸,bicycle | biking | cyclist | medium-light skin tone | woman
ğŸš´ğŸ½â€â™€ï¸,bicycle | biking | cyclist | medium skin tone | woman
ğŸš´ğŸ¾â€â™€ï¸,bicycle | biking | cyclist | medium-dark skin tone | woman
ğŸš´ğŸ¿â€â™€ï¸,bicycle | biking | cyclist | dark skin tone | woman
ğŸšµ,bicycle | bicyclist | bike | cyclist | mountain
ğŸšµğŸ»,bicycle | bicyclist | bike | cyclist | light skin tone | mountain
ğŸšµğŸ¼,bicycle | bicyclist | bike | cyclist | medium-light skin tone | mountain
ğŸšµğŸ½,bicycle | bicyclist | bike | cyclist | medium skin tone | mountain
ğŸšµğŸ¾,bicycle | bicyclist | bike | cyclist | medium-dark skin tone | mountain
ğŸšµğŸ¿,bicycle | bicyclist | bike | cyclist | dark skin tone | mountain
ğŸšµâ€â™‚ï¸,bicycle | bike | cyclist | man | mountain
ğŸšµğŸ»â€â™‚ï¸,bicycle | bike | cyclist | light skin tone | man | mountain
ğŸšµğŸ¼â€â™‚ï¸,bicycle | bike | cyclist | man | medium-light skin tone | mountain
ğŸšµğŸ½â€â™‚ï¸,bicycle | bike | cyclist | man | medium skin tone | mountain
ğŸšµğŸ¾â€â™‚ï¸,bicycle | bike | cyclist | man | medium-dark skin tone | mountain
ğŸšµğŸ¿â€â™‚ï¸,bicycle | bike | cyclist | dark skin tone | man | mountain
ğŸšµâ€â™€ï¸,bicycle | bike | biking | cyclist | mountain | woman
ğŸšµğŸ»â€â™€ï¸,bicycle | bike | biking | cyclist | light skin tone | mountain | woman
ğŸšµğŸ¼â€â™€ï¸,bicycle | bike | biking | cyclist | medium-light skin tone | mountain | woman
ğŸšµğŸ½â€â™€ï¸,bicycle | bike | biking | cyclist | medium skin tone | mountain | woman
ğŸšµğŸ¾â€â™€ï¸,bicycle | bike | biking | cyclist | medium-dark skin tone | mountain | woman
ğŸšµğŸ¿â€â™€ï¸,bicycle | bike | biking | cyclist | dark skin tone | mountain | woman
ğŸ,car | racing
ğŸ,racing
ğŸ¤¸,cartwheel | gymnastics
ğŸ¤¸ğŸ»,cartwheel | gymnastics | light skin tone
ğŸ¤¸ğŸ¼,cartwheel | gymnastics | medium-light skin tone
ğŸ¤¸ğŸ½,cartwheel | gymnastics | medium skin tone
ğŸ¤¸ğŸ¾,cartwheel | gymnastics | medium-dark skin tone
ğŸ¤¸ğŸ¿,cartwheel | dark skin tone | gymnastics
ğŸ¤¸â€â™‚ï¸,cartwheel | gymnastics | man
ğŸ¤¸ğŸ»â€â™‚ï¸,cartwheel | gymnastics | light skin tone | man
ğŸ¤¸ğŸ¼â€â™‚ï¸,cartwheel | gymnastics | man | medium-light skin tone
ğŸ¤¸ğŸ½â€â™‚ï¸,cartwheel | gymnastics | man | medium skin tone
ğŸ¤¸ğŸ¾â€â™‚ï¸,cartwheel | gymnastics | man | medium-dark skin tone
ğŸ¤¸ğŸ¿â€â™‚ï¸,cartwheel | dark skin tone | gymnastics | man
ğŸ¤¸â€â™€ï¸,cartwheel | gymnastics | woman
ğŸ¤¸ğŸ»â€â™€ï¸,cartwheel | gymnastics | light skin tone | woman
ğŸ¤¸ğŸ¼â€â™€ï¸,cartwheel | gymnastics | medium-light skin tone | woman
ğŸ¤¸ğŸ½â€â™€ï¸,cartwheel | gymnastics | medium skin tone | woman
ğŸ¤¸ğŸ¾â€â™€ï¸,cartwheel | gymnastics | medium-dark skin tone | woman
ğŸ¤¸ğŸ¿â€â™€ï¸,cartwheel | dark skin tone | gymnastics | woman
ğŸ¤¼,wrestle | wrestler
ğŸ¤¼â€â™‚ï¸,men | wrestle
ğŸ¤¼â€â™€ï¸,women | wrestle
ğŸ¤½,polo | water
ğŸ¤½ğŸ»,light skin tone | polo | water
ğŸ¤½ğŸ¼,medium-light skin tone | polo | water
ğŸ¤½ğŸ½,medium skin tone | polo | water
ğŸ¤½ğŸ¾,medium-dark skin tone | polo | water
ğŸ¤½ğŸ¿,dark skin tone | polo | water
ğŸ¤½â€â™‚ï¸,man | water polo
ğŸ¤½ğŸ»â€â™‚ï¸,light skin tone | man | water polo
ğŸ¤½ğŸ¼â€â™‚ï¸,man | medium-light skin tone | water polo
ğŸ¤½ğŸ½â€â™‚ï¸,man | medium skin tone | water polo
ğŸ¤½ğŸ¾â€â™‚ï¸,man | medium-dark skin tone | water polo
ğŸ¤½ğŸ¿â€â™‚ï¸,dark skin tone | man | water polo
ğŸ¤½â€â™€ï¸,water polo | woman
ğŸ¤½ğŸ»â€â™€ï¸,light skin tone | water polo | woman
ğŸ¤½ğŸ¼â€â™€ï¸,medium-light skin tone | water polo | woman
ğŸ¤½ğŸ½â€â™€ï¸,medium skin tone | water polo | woman
ğŸ¤½ğŸ¾â€â™€ï¸,medium-dark skin tone | water polo | woman
ğŸ¤½ğŸ¿â€â™€ï¸,dark skin tone | water polo | woman
ğŸ¤¾,ball | handball
ğŸ¤¾ğŸ»,ball | handball | light skin tone
ğŸ¤¾ğŸ¼,ball | handball | medium-light skin tone
ğŸ¤¾ğŸ½,ball | handball | medium skin tone
ğŸ¤¾ğŸ¾,ball | handball | medium-dark skin tone
ğŸ¤¾ğŸ¿,ball | dark skin tone | handball
ğŸ¤¾â€â™‚ï¸,handball | man
ğŸ¤¾ğŸ»â€â™‚ï¸,handball | light skin tone | man
ğŸ¤¾ğŸ¼â€â™‚ï¸,handball | man | medium-light skin tone
ğŸ¤¾ğŸ½â€â™‚ï¸,handball | man | medium skin tone
ğŸ¤¾ğŸ¾â€â™‚ï¸,handball | man | medium-dark skin tone
ğŸ¤¾ğŸ¿â€â™‚ï¸,dark skin tone | handball | man
ğŸ¤¾â€â™€ï¸,handball | woman
ğŸ¤¾ğŸ»â€â™€ï¸,handball | light skin tone | woman
ğŸ¤¾ğŸ¼â€â™€ï¸,handball | medium-light skin tone | woman
ğŸ¤¾ğŸ½â€â™€ï¸,handball | medium skin tone | woman
ğŸ¤¾ğŸ¾â€â™€ï¸,handball | medium-dark skin tone | woman
ğŸ¤¾ğŸ¿â€â™€ï¸,dark skin tone | handball | woman
ğŸ¤¹,balance | juggle | multitask | skill
ğŸ¤¹ğŸ»,balance | juggle | light skin tone | multitask | skill
ğŸ¤¹ğŸ¼,balance | juggle | medium-light skin tone | multitask | skill
ğŸ¤¹ğŸ½,balance | juggle | medium skin tone | multitask | skill
ğŸ¤¹ğŸ¾,balance | juggle | medium-dark skin tone | multitask | skill
ğŸ¤¹ğŸ¿,balance | dark skin tone | juggle | multitask | skill
ğŸ¤¹â€â™‚ï¸,juggling | man | multitask
ğŸ¤¹ğŸ»â€â™‚ï¸,juggling | light skin tone | man | multitask
ğŸ¤¹ğŸ¼â€â™‚ï¸,juggling | man | medium-light skin tone | multitask
ğŸ¤¹ğŸ½â€â™‚ï¸,juggling | man | medium skin tone | multitask
ğŸ¤¹ğŸ¾â€â™‚ï¸,juggling | man | medium-dark skin tone | multitask
ğŸ¤¹ğŸ¿â€â™‚ï¸,dark skin tone | juggling | man | multitask
ğŸ¤¹â€â™€ï¸,juggling | multitask | woman
ğŸ¤¹ğŸ»â€â™€ï¸,juggling | light skin tone | multitask | woman
ğŸ¤¹ğŸ¼â€â™€ï¸,juggling | medium-light skin tone | multitask | woman
ğŸ¤¹ğŸ½â€â™€ï¸,juggling | medium skin tone | multitask | woman
ğŸ¤¹ğŸ¾â€â™€ï¸,juggling | medium-dark skin tone | multitask | woman
ğŸ¤¹ğŸ¿â€â™€ï¸,dark skin tone | juggling | multitask | woman
ğŸ‘«,couple | hand | hold | man | woman
ğŸ‘¬,Gemini | couple | hand | hold | man | twins | zodiac
ğŸ‘­,couple | hand | hold | woman
ğŸ’,couple
ğŸ‘©â€â¤ï¸â€ğŸ’‹â€ğŸ‘¨,couple | man | woman
ğŸ‘¨â€â¤ï¸â€ğŸ’‹â€ğŸ‘¨,couple | man
ğŸ‘©â€â¤ï¸â€ğŸ’‹â€ğŸ‘©,couple | woman
ğŸ’‘,couple | love
ğŸ‘©â€â¤ï¸â€ğŸ‘¨,couple | love | man | woman
ğŸ‘¨â€â¤ï¸â€ğŸ‘¨,couple | love | man
ğŸ‘©â€â¤ï¸â€ğŸ‘©,couple | love | woman
ğŸ‘ª,family
ğŸ‘¨â€ğŸ‘©â€ğŸ‘¦,boy | family | man | woman
ğŸ‘¨â€ğŸ‘©â€ğŸ‘§,family | girl | man | woman
ğŸ‘¨â€ğŸ‘©â€ğŸ‘§â€ğŸ‘¦,boy | family | girl | man | woman
ğŸ‘¨â€ğŸ‘©â€ğŸ‘¦â€ğŸ‘¦,boy | family | man | woman
ğŸ‘¨â€ğŸ‘©â€ğŸ‘§â€ğŸ‘§,family | girl | man | woman
ğŸ‘¨â€ğŸ‘¨â€ğŸ‘¦,boy | family | man
ğŸ‘¨â€ğŸ‘¨â€ğŸ‘§,family | girl | man
ğŸ‘¨â€ğŸ‘¨â€ğŸ‘§â€ğŸ‘¦,boy | family | girl | man
ğŸ‘¨â€ğŸ‘¨â€ğŸ‘¦â€ğŸ‘¦,boy | family | man
ğŸ‘¨â€ğŸ‘¨â€ğŸ‘§â€ğŸ‘§,family | girl | man
ğŸ‘©â€ğŸ‘©â€ğŸ‘¦,boy | family | woman
ğŸ‘©â€ğŸ‘©â€ğŸ‘§,family | girl | woman
ğŸ‘©â€ğŸ‘©â€ğŸ‘§â€ğŸ‘¦,boy | family | girl | woman
ğŸ‘©â€ğŸ‘©â€ğŸ‘¦â€ğŸ‘¦,boy | family | woman
ğŸ‘©â€ğŸ‘©â€ğŸ‘§â€ğŸ‘§,family | girl | woman
ğŸ‘¨â€ğŸ‘¦,boy | family | man
ğŸ‘¨â€ğŸ‘¦â€ğŸ‘¦,boy | family | man
ğŸ‘¨â€ğŸ‘§,family | girl | man
ğŸ‘¨â€ğŸ‘§â€ğŸ‘¦,boy | family | girl | man
ğŸ‘¨â€ğŸ‘§â€ğŸ‘§,family | girl | man
ğŸ‘©â€ğŸ‘¦,boy | family | woman
ğŸ‘©â€ğŸ‘¦â€ğŸ‘¦,boy | family | woman
ğŸ‘©â€ğŸ‘§,family | girl | woman
ğŸ‘©â€ğŸ‘§â€ğŸ‘¦,boy | family | girl | woman
ğŸ‘©â€ğŸ‘§â€ğŸ‘§,family | girl | woman
ğŸ¤³,camera | phone | selfie
ğŸ¤³ğŸ»,camera | light skin tone | phone | selfie
ğŸ¤³ğŸ¼,camera | medium-light skin tone | phone | selfie
ğŸ¤³ğŸ½,camera | medium skin tone | phone | selfie
ğŸ¤³ğŸ¾,camera | medium-dark skin tone | phone | selfie
ğŸ¤³ğŸ¿,camera | dark skin tone | phone | selfie
ğŸ’ª,biceps | comic | flex | muscle
ğŸ’ªğŸ»,biceps | comic | flex | light skin tone | muscle
ğŸ’ªğŸ¼,biceps | comic | flex | medium-light skin tone | muscle
ğŸ’ªğŸ½,biceps | comic | flex | medium skin tone | muscle
ğŸ’ªğŸ¾,biceps | comic | flex | medium-dark skin tone | muscle
ğŸ’ªğŸ¿,biceps | comic | dark skin tone | flex | muscle
ğŸ‘ˆ,backhand | finger | hand | index | point
ğŸ‘ˆğŸ»,backhand | finger | hand | index | light skin tone | point
ğŸ‘ˆğŸ¼,backhand | finger | hand | index | medium-light skin tone | point
ğŸ‘ˆğŸ½,backhand | finger | hand | index | medium skin tone | point
ğŸ‘ˆğŸ¾,backhand | finger | hand | index | medium-dark skin tone | point
ğŸ‘ˆğŸ¿,backhand | dark skin tone | finger | hand | index | point
ğŸ‘‰,backhand | finger | hand | index | point
ğŸ‘‰ğŸ»,backhand | finger | hand | index | light skin tone | point
ğŸ‘‰ğŸ¼,backhand | finger | hand | index | medium-light skin tone | point
ğŸ‘‰ğŸ½,backhand | finger | hand | index | medium skin tone | point
ğŸ‘‰ğŸ¾,backhand | finger | hand | index | medium-dark skin tone | point
ğŸ‘‰ğŸ¿,backhand | dark skin tone | finger | hand | index | point
â˜,finger | hand | index | point | up
â˜ğŸ»,finger | hand | index | light skin tone | point | up
â˜ğŸ¼,finger | hand | index | medium-light skin tone | point | up
â˜ğŸ½,finger | hand | index | medium skin tone | point | up
â˜ğŸ¾,finger | hand | index | medium-dark skin tone | point | up
â˜ğŸ¿,dark skin tone | finger | hand | index | point | up
ğŸ‘†,backhand | finger | hand | index | point | up
ğŸ‘†ğŸ»,backhand | finger | hand | index | light skin tone | point | up
ğŸ‘†ğŸ¼,backhand | finger | hand | index | medium-light skin tone | point | up
ğŸ‘†ğŸ½,backhand | finger | hand | index | medium skin tone | point | up
ğŸ‘†ğŸ¾,backhand | finger | hand | index | medium-dark skin tone | point | up
ğŸ‘†ğŸ¿,backhand | dark skin tone | finger | hand | index | point | up
ğŸ–•,finger | hand
ğŸ–•ğŸ»,finger | hand | light skin tone
ğŸ–•ğŸ¼,finger | hand | medium-light skin tone
ğŸ–•ğŸ½,finger | hand | medium skin tone
ğŸ–•ğŸ¾,finger | hand | medium-dark skin tone
ğŸ–•ğŸ¿,dark skin tone | finger | hand
ğŸ‘‡,backhand | down | finger | hand | index | point
ğŸ‘‡ğŸ»,backhand | down | finger | hand | index | light skin tone | point
ğŸ‘‡ğŸ¼,backhand | down | finger | hand | index | medium-light skin tone | point
ğŸ‘‡ğŸ½,backhand | down | finger | hand | index | medium skin tone | point
ğŸ‘‡ğŸ¾,backhand | down | finger | hand | index | medium-dark skin tone | point
ğŸ‘‡ğŸ¿,backhand | dark skin tone | down | finger | hand | index | point
âœŒ,hand | v | victory
âœŒğŸ»,hand | light skin tone | v | victory
âœŒğŸ¼,hand | medium-light skin tone | v | victory
âœŒğŸ½,hand | medium skin tone | v | victory
âœŒğŸ¾,hand | medium-dark skin tone | v | victory
âœŒğŸ¿,dark skin tone | hand | v | victory
ğŸ¤,cross | finger | hand | luck
ğŸ¤ğŸ»,cross | finger | hand | light skin tone | luck
ğŸ¤ğŸ¼,cross | finger | hand | luck | medium-light skin tone
ğŸ¤ğŸ½,cross | finger | hand | luck | medium skin tone
ğŸ¤ğŸ¾,cross | finger | hand | luck | medium-dark skin tone
ğŸ¤ğŸ¿,cross | dark skin tone | finger | hand | luck
ğŸ––,finger | hand | spock | vulcan
ğŸ––ğŸ»,finger | hand | light skin tone | spock | vulcan
ğŸ––ğŸ¼,finger | hand | medium-light skin tone | spock | vulcan
ğŸ––ğŸ½,finger | hand | medium skin tone | spock | vulcan
ğŸ––ğŸ¾,finger | hand | medium-dark skin tone | spock | vulcan
ğŸ––ğŸ¿,dark skin tone | finger | hand | spock | vulcan
ğŸ¤˜,finger | hand | horns | rock-on
ğŸ¤˜ğŸ»,finger | hand | horns | light skin tone | rock-on
ğŸ¤˜ğŸ¼,finger | hand | horns | medium-light skin tone | rock-on
ğŸ¤˜ğŸ½,finger | hand | horns | medium skin tone | rock-on
ğŸ¤˜ğŸ¾,finger | hand | horns | medium-dark skin tone | rock-on
ğŸ¤˜ğŸ¿,dark skin tone | finger | hand | horns | rock-on
ğŸ¤™,call | hand
ğŸ¤™ğŸ»,call | hand | light skin tone
ğŸ¤™ğŸ¼,call | hand | medium-light skin tone
ğŸ¤™ğŸ½,call | hand | medium skin tone
ğŸ¤™ğŸ¾,call | hand | medium-dark skin tone
ğŸ¤™ğŸ¿,call | dark skin tone | hand
ğŸ–,finger | hand | splayed
ğŸ–ğŸ»,finger | hand | light skin tone | splayed
ğŸ–ğŸ¼,finger | hand | medium-light skin tone | splayed
ğŸ–ğŸ½,finger | hand | medium skin tone | splayed
ğŸ–ğŸ¾,finger | hand | medium-dark skin tone | splayed
ğŸ–ğŸ¿,dark skin tone | finger | hand | splayed
âœ‹,hand
âœ‹ğŸ»,hand | light skin tone
âœ‹ğŸ¼,hand | medium-light skin tone
âœ‹ğŸ½,hand | medium skin tone
âœ‹ğŸ¾,hand | medium-dark skin tone
âœ‹ğŸ¿,dark skin tone | hand
ğŸ‘Œ,OK | hand
ğŸ‘ŒğŸ»,OK | hand | light skin tone
ğŸ‘ŒğŸ¼,OK | hand | medium-light skin tone
ğŸ‘ŒğŸ½,OK | hand | medium skin tone
ğŸ‘ŒğŸ¾,OK | hand | medium-dark skin tone
ğŸ‘ŒğŸ¿,OK | dark skin tone | hand
ğŸ‘,+1 | hand | thumb | up
ğŸ‘ğŸ»,+1 | hand | light skin tone | thumb | up
ğŸ‘ğŸ¼,+1 | hand | medium-light skin tone | thumb | up
ğŸ‘ğŸ½,+1 | hand | medium skin tone | thumb | up
ğŸ‘ğŸ¾,+1 | hand | medium-dark skin tone | thumb | up
ğŸ‘ğŸ¿,+1 | dark skin tone | hand | thumb | up
ğŸ‘,-1 | down | hand | thumb
ğŸ‘ğŸ»,-1 | down | hand | light skin tone | thumb
ğŸ‘ğŸ¼,-1 | down | hand | medium-light skin tone | thumb
ğŸ‘ğŸ½,-1 | down | hand | medium skin tone | thumb
ğŸ‘ğŸ¾,-1 | down | hand | medium-dark skin tone | thumb
ğŸ‘ğŸ¿,-1 | dark skin tone | down | hand | thumb
âœŠ,clenched | fist | hand | punch
âœŠğŸ»,clenched | fist | hand | light skin tone | punch
âœŠğŸ¼,clenched | fist | hand | medium-light skin tone | punch
âœŠğŸ½,clenched | fist | hand | medium skin tone | punch
âœŠğŸ¾,clenched | fist | hand | medium-dark skin tone | punch
âœŠğŸ¿,clenched | dark skin tone | fist | hand | punch
ğŸ‘Š,clenched | fist | hand | punch
ğŸ‘ŠğŸ»,clenched | fist | hand | light skin tone | punch
ğŸ‘ŠğŸ¼,clenched | fist | hand | medium-light skin tone | punch
ğŸ‘ŠğŸ½,clenched | fist | hand | medium skin tone | punch
ğŸ‘ŠğŸ¾,clenched | fist | hand | medium-dark skin tone | punch
ğŸ‘ŠğŸ¿,clenched | dark skin tone | fist | hand | punch
ğŸ¤›,fist | leftwards
ğŸ¤›ğŸ»,fist | leftwards | light skin tone
ğŸ¤›ğŸ¼,fist | leftwards | medium-light skin tone
ğŸ¤›ğŸ½,fist | leftwards | medium skin tone
ğŸ¤›ğŸ¾,fist | leftwards | medium-dark skin tone
ğŸ¤›ğŸ¿,dark skin tone | fist | leftwards
ğŸ¤œ,fist | rightwards
ğŸ¤œğŸ»,fist | light skin tone | rightwards
ğŸ¤œğŸ¼,fist | medium-light skin tone | rightwards
ğŸ¤œğŸ½,fist | medium skin tone | rightwards
ğŸ¤œğŸ¾,fist | medium-dark skin tone | rightwards
ğŸ¤œğŸ¿,dark skin tone | fist | rightwards
ğŸ¤š,backhand | raised
ğŸ¤šğŸ»,backhand | light skin tone | raised
ğŸ¤šğŸ¼,backhand | medium-light skin tone | raised
ğŸ¤šğŸ½,backhand | medium skin tone | raised
ğŸ¤šğŸ¾,backhand | medium-dark skin tone | raised
ğŸ¤šğŸ¿,backhand | dark skin tone | raised
ğŸ‘‹,hand | wave | waving
ğŸ‘‹ğŸ»,hand | light skin tone | wave | waving
ğŸ‘‹ğŸ¼,hand | medium-light skin tone | wave | waving
ğŸ‘‹ğŸ½,hand | medium skin tone | wave | waving
ğŸ‘‹ğŸ¾,hand | medium-dark skin tone | wave | waving
ğŸ‘‹ğŸ¿,dark skin tone | hand | wave | waving
ğŸ¤Ÿ,ILY | hand
ğŸ¤ŸğŸ»,ILY | hand | light skin tone
ğŸ¤ŸğŸ¼,ILY | hand | medium-light skin tone
ğŸ¤ŸğŸ½,ILY | hand | medium skin tone
ğŸ¤ŸğŸ¾,ILY | hand | medium-dark skin tone
ğŸ¤ŸğŸ¿,ILY | dark skin tone | hand
âœ,hand | write
âœğŸ»,hand | light skin tone | write
âœğŸ¼,hand | medium-light skin tone | write
âœğŸ½,hand | medium skin tone | write
âœğŸ¾,hand | medium-dark skin tone | write
âœğŸ¿,dark skin tone | hand | write
ğŸ‘,clap | hand
ğŸ‘ğŸ»,clap | hand | light skin tone
ğŸ‘ğŸ¼,clap | hand | medium-light skin tone
ğŸ‘ğŸ½,clap | hand | medium skin tone
ğŸ‘ğŸ¾,clap | hand | medium-dark skin tone
ğŸ‘ğŸ¿,clap | dark skin tone | hand
ğŸ‘,hand | open
ğŸ‘ğŸ»,hand | light skin tone | open
ğŸ‘ğŸ¼,hand | medium-light skin tone | open
ğŸ‘ğŸ½,hand | medium skin tone | open
ğŸ‘ğŸ¾,hand | medium-dark skin tone | open
ğŸ‘ğŸ¿,dark skin tone | hand | open
ğŸ™Œ,celebration | gesture | hand | hooray | raised
ğŸ™ŒğŸ»,celebration | gesture | hand | hooray | light skin tone | raised
ğŸ™ŒğŸ¼,celebration | gesture | hand | hooray | medium-light skin tone | raised
ğŸ™ŒğŸ½,celebration | gesture | hand | hooray | medium skin tone | raised
ğŸ™ŒğŸ¾,celebration | gesture | hand | hooray | medium-dark skin tone | raised
ğŸ™ŒğŸ¿,celebration | dark skin tone | gesture | hand | hooray | raised
ğŸ¤²,prayer | <span class="keye">cupped hands</span>
ğŸ¤²ğŸ»,light skin tone | prayer
ğŸ¤²ğŸ¼,medium-light skin tone | prayer
ğŸ¤²ğŸ½,medium skin tone | prayer
ğŸ¤²ğŸ¾,medium-dark skin tone | prayer
ğŸ¤²ğŸ¿,dark skin tone | prayer
ğŸ™,ask | bow | folded | gesture | hand | please | pray | thanks
ğŸ™ğŸ»,ask | bow | folded | gesture | hand | light skin tone | please | pray | thanks
ğŸ™ğŸ¼,ask | bow | folded | gesture | hand | medium-light skin tone | please | pray | thanks
ğŸ™ğŸ½,ask | bow | folded | gesture | hand | medium skin tone | please | pray | thanks
ğŸ™ğŸ¾,ask | bow | folded | gesture | hand | medium-dark skin tone | please | pray | thanks
ğŸ™ğŸ¿,ask | bow | dark skin tone | folded | gesture | hand | please | pray | thanks
ğŸ¤,agreement | hand | handshake | meeting | shake
ğŸ’…,care | cosmetics | manicure | nail | polish
ğŸ’…ğŸ»,care | cosmetics | light skin tone | manicure | nail | polish
ğŸ’…ğŸ¼,care | cosmetics | manicure | medium-light skin tone | nail | polish
ğŸ’…ğŸ½,care | cosmetics | manicure | medium skin tone | nail | polish
ğŸ’…ğŸ¾,care | cosmetics | manicure | medium-dark skin tone | nail | polish
ğŸ’…ğŸ¿,care | cosmetics | dark skin tone | manicure | nail | polish
ğŸ‘‚,body
ğŸ‘‚ğŸ»,body | light skin tone
ğŸ‘‚ğŸ¼,body | medium-light skin tone
ğŸ‘‚ğŸ½,body | medium skin tone
ğŸ‘‚ğŸ¾,body | medium-dark skin tone
ğŸ‘‚ğŸ¿,body | dark skin tone
ğŸ‘ƒ,body
ğŸ‘ƒğŸ»,body | light skin tone
ğŸ‘ƒğŸ¼,body | medium-light skin tone
ğŸ‘ƒğŸ½,body | medium skin tone
ğŸ‘ƒğŸ¾,body | medium-dark skin tone
ğŸ‘ƒğŸ¿,body | dark skin tone
ğŸ‘£,clothing | footprint | print
ğŸ‘€,eye | face
ğŸ‘,body
ğŸ‘ï¸â€ğŸ—¨ï¸,eye | speech bubble | witness
ğŸ§ ,intelligent
ğŸ‘…,body
ğŸ‘„,lips
ğŸ’‹,kiss | lips
ğŸ’˜,arrow | cupid
â¤,heart
ğŸ’“,beating | heartbeat | pulsating
ğŸ’”,break | broken
ğŸ’•,love
ğŸ’–,excited | sparkle
ğŸ’—,excited | growing | nervous | pulse
ğŸ’™,blue
ğŸ’š,green
ğŸ’›,yellow
ğŸ§¡,
ğŸ’œ,purple
ğŸ–¤,black | evil | wicked
ğŸ’,ribbon | valentine
ğŸ’,revolving
ğŸ’Ÿ,heart
â£,exclamation | mark | punctuation
ğŸ’Œ,heart | letter | love | mail
ğŸ’¤,comic | sleep
ğŸ’¢,angry | comic | mad
ğŸ’£,comic
ğŸ’¥,boom | comic
ğŸ’¦,comic | splashing | sweat
ğŸ’¨,comic | dash | running
ğŸ’«,comic | star
ğŸ’¬,balloon | bubble | comic | dialog | speech
ğŸ—¨,dialog | speech
ğŸ—¯,angry | balloon | bubble | mad
ğŸ’­,balloon | bubble | comic | thought
ğŸ•³,hole
ğŸ‘“,clothing | eye | eyeglasses | eyewear
ğŸ•¶,dark | eye | eyewear | glasses
ğŸ‘”,clothing
ğŸ‘•,clothing | shirt | tshirt
ğŸ‘–,clothing | pants | trousers
ğŸ§£,neck
ğŸ§¤,
ğŸ§¥,jacket
ğŸ§¦,
ğŸ‘—,clothing
ğŸ‘˜,clothing
ğŸ‘™,clothing | swim
ğŸ‘š,clothing | woman
ğŸ‘›,clothing | coin
ğŸ‘œ,bag | clothing | purse
ğŸ‘,bag | clothing | pouch
ğŸ›,bag | hotel | shopping
ğŸ’,bag | satchel | school
ğŸ‘,clothing | man | shoe
ğŸ‘Ÿ,athletic | clothing | shoe | sneaker
ğŸ‘ ,clothing | heel | shoe | woman
ğŸ‘¡,clothing | sandal | shoe | woman
ğŸ‘¢,boot | clothing | shoe | woman
ğŸ‘‘,clothing | king | queen
ğŸ‘’,clothing | hat | woman
ğŸ©,clothing | hat | top | tophat
ğŸ“,cap | celebration | clothing | graduation | hat
ğŸ§¢,baseball cap
â›‘,aid | cross | face | hat | helmet
ğŸ“¿,beads | clothing | necklace | prayer | religion
ğŸ’„,cosmetics | makeup
ğŸ’,diamond
ğŸ’,diamond | gem | jewel
ğŸµ,face | monkey
ğŸ’,monkey
ğŸ¦,gorilla
ğŸ¶,dog | face | pet
ğŸ•,pet
ğŸ©,dog
ğŸº,face | wolf
ğŸ¦Š,face | fox
ğŸ±,cat | face | pet
ğŸˆ,pet
ğŸ¦,Leo | face | lion | zodiac
ğŸ¯,face | tiger
ğŸ…,tiger
ğŸ†,leopard
ğŸ´,face | horse
ğŸ,equestrian | racehorse | racing
ğŸ¦„,face | unicorn
ğŸ¦“,
ğŸ¦Œ,deer
ğŸ®,cow | face
ğŸ‚,Taurus | bull | zodiac
ğŸƒ,buffalo | water
ğŸ„,cow
ğŸ·,face | pig
ğŸ–,sow
ğŸ—,pig
ğŸ½,face | nose | pig
ğŸ,Aries | male | sheep | zodiac
ğŸ‘,female | sheep
ğŸ,Capricorn | zodiac
ğŸª,dromedary | hump
ğŸ«,bactrian | camel | hump
ğŸ¦’,
ğŸ˜,elephant
ğŸ¦,rhinoceros
ğŸ­,face | mouse
ğŸ,mouse
ğŸ€,rat
ğŸ¹,face | hamster | pet
ğŸ°,bunny | face | pet | rabbit
ğŸ‡,bunny | pet
ğŸ¿,chipmunk
ğŸ¦”,
ğŸ¦‡,bat | vampire
ğŸ»,bear | face
ğŸ¨,bear
ğŸ¼,face | panda
ğŸ¾,feet | paw | print
ğŸ¦ƒ,bird | turkey
ğŸ”,bird | chicken
ğŸ“,bird | rooster
ğŸ£,baby | bird | chick | hatching
ğŸ¤,baby | bird | chick
ğŸ¥,baby | bird | chick
ğŸ¦,bird
ğŸ§,bird | penguin
ğŸ•Š,bird | fly | peace
ğŸ¦…,bird | eagle
ğŸ¦†,bird | duck
ğŸ¦‰,bird | owl | wise
ğŸ¸,face | frog
ğŸŠ,crocodile
ğŸ¢,terrapin | tortoise | turtle
ğŸ¦,lizard | reptile
ğŸ,Ophiuchus | bearer | serpent | zodiac
ğŸ²,dragon | face | fairy tale
ğŸ‰,fairy tale
ğŸ¦•,brachiosaurus | brontosaurus | diplodocus
ğŸ¦–,Tyrannosaurus Rex
ğŸ³,face | spouting | whale
ğŸ‹,whale
ğŸ¬,flipper
ğŸŸ,Pisces | zodiac
ğŸ ,fish | tropical
ğŸ¡,fish
ğŸ¦ˆ,fish | shark
ğŸ™,octopus
ğŸš,shell | spiral
ğŸ¦€,Cancer | zodiac
ğŸ¦,food | shellfish | shrimp | small
ğŸ¦‘,food | molusc | squid
ğŸŒ,snail
ğŸ¦‹,butterfly | insect | pretty
ğŸ›,insect
ğŸœ,insect
ğŸ,bee | insect
ğŸ,beetle | insect | ladybird | ladybug
ğŸ¦—,<span class="keye">Orthoptera</span>
ğŸ•·,insect
ğŸ•¸,spider | web
ğŸ¦‚,Scorpius | scorpio | zodiac
ğŸ’,flower
ğŸŒ¸,blossom | cherry | flower
ğŸ’®,flower
ğŸµ,plant
ğŸŒ¹,flower
ğŸ¥€,flower | wilted
ğŸŒº,flower
ğŸŒ»,flower | sun
ğŸŒ¼,flower
ğŸŒ·,flower
ğŸŒ±,young
ğŸŒ²,tree
ğŸŒ³,deciduous | shedding | tree
ğŸŒ´,palm | tree
ğŸŒµ,plant
ğŸŒ¾,ear | grain | rice
ğŸŒ¿,leaf
â˜˜,plant
ğŸ€,4 | clover | four | leaf
ğŸ,falling | leaf | maple
ğŸ‚,falling | leaf
ğŸƒ,blow | flutter | leaf | wind
ğŸ‡,fruit | grape
ğŸˆ,fruit
ğŸ‰,fruit
ğŸŠ,fruit | orange
ğŸ‹,citrus | fruit
ğŸŒ,fruit
ğŸ,fruit
ğŸ,apple | fruit | red
ğŸ,apple | fruit | green
ğŸ,fruit
ğŸ‘,fruit
ğŸ’,cherry | fruit
ğŸ“,berry | fruit
ğŸ¥,food | fruit | kiwi
ğŸ…,fruit | vegetable
ğŸ¥¥,
ğŸ¥‘,avocado | food | fruit
ğŸ†,aubergine | vegetable
ğŸ¥”,food | potato | vegetable
ğŸ¥•,carrot | food | vegetable
ğŸŒ½,corn | ear | maize | maze
ğŸŒ¶,hot | pepper
ğŸ¥’,cucumber | food | pickle | vegetable
ğŸ¥¦,
ğŸ„,toadstool
ğŸ¥œ,food | nut | peanut | vegetable
ğŸŒ°,plant
ğŸ,loaf
ğŸ¥,bread | crescent roll | croissant | food | french
ğŸ¥–,baguette | bread | food | french
ğŸ¥¨,twisted | <span class="keye">convoluted</span>
ğŸ¥,crÃªpe | food | hotcake | pancake
ğŸ§€,cheese
ğŸ–,bone | meat
ğŸ—,bone | chicken | leg | poultry
ğŸ¥©,chop | lambchop | porkchop | steak
ğŸ¥“,bacon | food | meat
ğŸ”,burger
ğŸŸ,french | fries
ğŸ•,cheese | slice
ğŸŒ­,frankfurter | hotdog | sausage
ğŸ¥ª,
ğŸŒ®,mexican
ğŸŒ¯,mexican | wrap
ğŸ¥™,falafel | flatbread | food | gyro | kebab | stuffed
ğŸ¥š,egg | food
ğŸ³,egg | frying | pan
ğŸ¥˜,casserole | food | paella | pan | shallow
ğŸ²,pot | stew
ğŸ¥£,breakfast | cereal | congee | <span class="keye">oatmeal</span> | <span class="keye">porridge</span>
ğŸ¥—,food | green | salad
ğŸ¿,popcorn
ğŸ¥«,can
ğŸ±,bento | box
ğŸ˜,cracker | rice
ğŸ™,Japanese | ball | rice
ğŸš,cooked | rice
ğŸ›,curry | rice
ğŸœ,bowl | noodle | ramen | steaming
ğŸ,pasta
ğŸ ,potato | roasted | sweet
ğŸ¢,kebab | seafood | skewer | stick
ğŸ£,sushi
ğŸ¤,fried | prawn | shrimp | tempura
ğŸ¥,cake | fish | pastry | swirl
ğŸ¡,Japanese | dessert | skewer | stick | sweet
ğŸ¥Ÿ,empanada | gyÅza | jiaozi | pierogi | potsticker
ğŸ¥ ,
ğŸ¥¡,oyster pail
ğŸ¦,cream | dessert | ice | icecream | soft | sweet
ğŸ§,dessert | ice | shaved | sweet
ğŸ¨,cream | dessert | ice | sweet
ğŸ©,dessert | donut | sweet
ğŸª,dessert | sweet
ğŸ‚,birthday | cake | celebration | dessert | pastry | sweet
ğŸ°,cake | dessert | pastry | slice | sweet
ğŸ¥§,<span class="keye">fruit</span> | <span class="keye">meat</span>
ğŸ«,bar | chocolate | dessert | sweet
ğŸ¬,dessert | sweet
ğŸ­,candy | dessert | sweet
ğŸ®,dessert | pudding | sweet
ğŸ¯,honey | honeypot | pot | sweet
ğŸ¼,baby | bottle | drink | milk
ğŸ¥›,drink | glass | milk
â˜•,beverage | coffee | drink | hot | steaming | tea
ğŸµ,beverage | cup | drink | tea | teacup
ğŸ¶,bar | beverage | bottle | cup | drink
ğŸ¾,bar | bottle | cork | drink | popping
ğŸ·,bar | beverage | drink | glass | wine
ğŸ¸,bar | cocktail | drink | glass
ğŸ¹,bar | drink | tropical
ğŸº,bar | beer | drink | mug
ğŸ»,bar | beer | clink | drink | mug
ğŸ¥‚,celebrate | clink | drink | glass
ğŸ¥ƒ,glass | liquor | shot | tumbler | whisky
ğŸ¥¤,juice | soda | <span class="keye">malt</span> | <span class="keye">soft drink</span> | <span class="keye">water</span>
ğŸ¥¢,hashi | <span class="keye">jeotgarak</span> | <span class="keye">kuaizi</span>
ğŸ½,cooking | fork | knife | plate
ğŸ´,cooking | fork | knife
ğŸ¥„,spoon | tableware
ğŸ”ª,cooking | hocho | knife | tool | weapon
ğŸº,Aquarius | cooking | drink | jug | tool | weapon | zodiac
ğŸŒ,Africa | Europe | earth | globe | world
ğŸŒ,Americas | earth | globe | world
ğŸŒ,Asia | Australia | earth | globe | world
ğŸŒ,earth | globe | meridians | world
ğŸ—º,map | world
ğŸ—¾,Japan | map
ğŸ”,cold | mountain | snow
â›°,mountain
ğŸŒ‹,eruption | mountain
ğŸ—»,fuji | mountain
ğŸ•,camping
ğŸ–,beach | umbrella
ğŸœ,desert
ğŸ,desert | island
ğŸ,park
ğŸŸ,stadium
ğŸ›,classical
ğŸ—,construction
ğŸ˜,houses
ğŸ™,city
ğŸš,derelict | house
ğŸ ,home | house
ğŸ¡,garden | home | house
ğŸ¢,building
ğŸ£,Japanese | post
ğŸ¤,European | post
ğŸ¥,doctor | medicine
ğŸ¦,building
ğŸ¨,building
ğŸ©,hotel | love
ğŸª,convenience | store
ğŸ«,building
ğŸ¬,department | store
ğŸ­,building
ğŸ¯,Japanese | castle
ğŸ°,European
ğŸ’’,chapel | romance
ğŸ—¼,Tokyo | tower
ğŸ—½,liberty | statue
â›ª,Christian | cross | religion
ğŸ•Œ,Muslim | islam | religion
ğŸ•,Jew | Jewish | religion | temple
â›©,religion | shinto | shrine
ğŸ•‹,Muslim | islam | religion
â›²,fountain
â›º,camping
ğŸŒ,fog
ğŸŒƒ,night | star
ğŸŒ„,morning | mountain | sun | sunrise
ğŸŒ…,morning | sun
ğŸŒ†,city | dusk | evening | landscape | sun | sunset
ğŸŒ‡,dusk | sun
ğŸŒ‰,bridge | night
â™¨,hot | hotsprings | springs | steaming
ğŸŒŒ,space
ğŸ ,carousel | horse
ğŸ¡,amusement park | ferris | wheel
ğŸ¢,amusement park | coaster | roller
ğŸ’ˆ,barber | haircut | pole
ğŸª,circus | tent
ğŸ­,art | mask | performing | theater | theatre
ğŸ–¼,art | frame | museum | painting | picture
ğŸ¨,art | museum | painting | palette
ğŸ°,game | slot
ğŸš‚,engine | railway | steam | train
ğŸšƒ,car | electric | railway | train | tram | trolleybus
ğŸš„,railway | shinkansen | speed | train
ğŸš…,bullet | railway | shinkansen | speed | train
ğŸš†,railway
ğŸš‡,subway
ğŸšˆ,railway
ğŸš‰,railway | train
ğŸšŠ,trolleybus
ğŸš,vehicle
ğŸš,car | mountain | railway
ğŸš‹,car | tram | trolleybus
ğŸšŒ,vehicle
ğŸš,bus | oncoming
ğŸš,bus | tram | trolley
ğŸš,bus
ğŸš‘,vehicle
ğŸš’,engine | fire | truck
ğŸš“,car | patrol | police
ğŸš”,car | oncoming | police
ğŸš•,vehicle
ğŸš–,oncoming | taxi
ğŸš—,car
ğŸš˜,automobile | car | oncoming
ğŸš™,recreational | sport utility
ğŸšš,delivery | truck
ğŸš›,lorry | semi | truck
ğŸšœ,vehicle
ğŸš²,bike
ğŸ›´,kick | scooter
ğŸ›µ,motor | scooter
ğŸš,bus | busstop | stop
ğŸ›£,highway | road
ğŸ›¤,railway | train
â›½,fuel | fuelpump | gas | pump | station
ğŸš¨,beacon | car | light | police | revolving
ğŸš¥,light | signal | traffic
ğŸš¦,light | signal | traffic
ğŸš§,barrier
ğŸ›‘,octagonal | sign | stop
âš“,ship | tool
â›µ,boat | resort | sea | yacht
ğŸ›¶,boat | canoe
ğŸš¤,boat
ğŸ›³,passenger | ship
â›´,boat | passenger
ğŸ›¥,boat | motorboat
ğŸš¢,boat | passenger
âœˆ,aeroplane | airplane
ğŸ›©,aeroplane | airplane
ğŸ›«,aeroplane | airplane | check-in | departure | departures
ğŸ›¬,aeroplane | airplane | arrivals | arriving | landing
ğŸ’º,chair
ğŸš,vehicle
ğŸšŸ,railway | suspension
ğŸš ,cable | gondola | mountain
ğŸš¡,aerial | cable | car | gondola | tramway
ğŸ›°,space
ğŸš€,space
ğŸ›¸,UFO
ğŸ›,bell | bellhop | hotel
ğŸšª,door
ğŸ›,hotel | sleep
ğŸ›‹,couch | hotel | lamp
ğŸš½,toilet
ğŸš¿,water
ğŸ›,bath
âŒ›,sand | timer
â³,hourglass | sand | timer
âŒš,clock
â°,alarm | clock
â±,clock
â²,clock | timer
ğŸ•°,clock
ğŸ•›,00 | 12 | 12:00 | clock | oâ€™clock | twelve
ğŸ•§,12 | 12:30 | 30 | clock | thirty | twelve
ğŸ•,00 | 1 | 1:00 | clock | one | oâ€™clock
ğŸ•œ,1 | 1:30 | 30 | clock | one | thirty
ğŸ•‘,00 | 2 | 2:00 | clock | oâ€™clock | two
ğŸ•,2 | 2:30 | 30 | clock | thirty | two
ğŸ•’,00 | 3 | 3:00 | clock | oâ€™clock | three
ğŸ•,3 | 30 | 3:30 | clock | thirty | three
ğŸ•“,00 | 4 | 4:00 | clock | four | oâ€™clock
ğŸ•Ÿ,30 | 4 | 4:30 | clock | four | thirty
ğŸ•”,00 | 5 | 5:00 | clock | five | oâ€™clock
ğŸ• ,30 | 5 | 5:30 | clock | five | thirty
ğŸ••,00 | 6 | 6:00 | clock | oâ€™clock | six
ğŸ•¡,30 | 6 | 6:30 | clock | six | thirty
ğŸ•–,00 | 7 | 7:00 | clock | oâ€™clock | seven
ğŸ•¢,30 | 7 | 7:30 | clock | seven | thirty
ğŸ•—,00 | 8 | 8:00 | clock | eight | oâ€™clock
ğŸ•£,30 | 8 | 8:30 | clock | eight | thirty
ğŸ•˜,00 | 9 | 9:00 | clock | nine | oâ€™clock
ğŸ•¤,30 | 9 | 9:30 | clock | nine | thirty
ğŸ•™,00 | 10 | 10:00 | clock | oâ€™clock | ten
ğŸ•¥,10 | 10:30 | 30 | clock | ten | thirty
ğŸ•š,00 | 11 | 11:00 | clock | eleven | oâ€™clock
ğŸ•¦,11 | 11:30 | 30 | clock | eleven | thirty
ğŸŒ‘,dark | moon
ğŸŒ’,crescent | moon | waxing
ğŸŒ“,moon | quarter
ğŸŒ”,gibbous | moon | waxing
ğŸŒ•,full | moon
ğŸŒ–,gibbous | moon | waning
ğŸŒ—,moon | quarter
ğŸŒ˜,crescent | moon | waning
ğŸŒ™,crescent | moon
ğŸŒš,face | moon
ğŸŒ›,face | moon | quarter
ğŸŒœ,face | moon | quarter
ğŸŒ¡,weather
â˜€,bright | rays | sunny
ğŸŒ,bright | face | full | moon
ğŸŒ,bright | face | sun
â­,star
ğŸŒŸ,glittery | glow | shining | sparkle | star
ğŸŒ ,falling | shooting | star
â˜,weather
â›…,cloud | sun
â›ˆ,cloud | rain | thunder
ğŸŒ¤,cloud | sun
ğŸŒ¥,cloud | sun
ğŸŒ¦,cloud | rain | sun
ğŸŒ§,cloud | rain
ğŸŒ¨,cloud | cold | snow
ğŸŒ©,cloud | lightning
ğŸŒª,cloud | whirlwind
ğŸŒ«,cloud
ğŸŒ¬,blow | cloud | face | wind
ğŸŒ€,dizzy | twister | typhoon
ğŸŒˆ,rain
ğŸŒ‚,clothing | rain | umbrella
â˜‚,clothing | rain
â˜”,clothing | drop | rain | umbrella
â›±,rain | sun | umbrella
âš¡,danger | electric | electricity | lightning | voltage | zap
â„,cold | snow
â˜ƒ,cold | snow
â›„,cold | snow | snowman
â˜„,space
ğŸ”¥,flame | tool
ğŸ’§,cold | comic | drop | sweat
ğŸŒŠ,ocean | water | wave
ğŸƒ,celebration | halloween | jack | lantern
ğŸ„,Christmas | celebration | tree
ğŸ†,celebration
ğŸ‡,celebration | fireworks | sparkle
âœ¨,sparkle | star
ğŸˆ,celebration
ğŸ‰,celebration | party | popper | tada
ğŸŠ,ball | celebration | confetti
ğŸ‹,Japanese | banner | celebration | tree
ğŸ,Japanese | bamboo | celebration | pine
ğŸ,Japanese | celebration | doll | festival
ğŸ,carp | celebration | streamer
ğŸ,bell | celebration | chime | wind
ğŸ‘,celebration | ceremony | moon
ğŸ€,celebration
ğŸ,box | celebration | gift | present | wrapped
ğŸ—,celebration | reminder | ribbon
ğŸŸ,admission | ticket
ğŸ«,admission
ğŸ–,celebration | medal | military
ğŸ†,prize
ğŸ…,medal
ğŸ¥‡,first | gold | medal
ğŸ¥ˆ,medal | second | silver
ğŸ¥‰,bronze | medal | third
âš½,ball | football | soccer
âš¾,ball
ğŸ€,ball | hoop
ğŸ,ball | game
ğŸˆ,american | ball | football
ğŸ‰,ball | football | rugby
ğŸ¾,ball | racquet
ğŸ±,8 | 8 ball | ball | billiard | eight | game
ğŸ³,ball | game
ğŸ,ball | bat | game
ğŸ‘,ball | field | game | hockey | stick
ğŸ’,game | hockey | ice | puck | stick
ğŸ“,ball | bat | game | paddle | ping pong | table tennis
ğŸ¸,birdie | game | racquet | shuttlecock
ğŸ¥Š,boxing | glove
ğŸ¥‹,judo | karate | martial arts | taekwondo | uniform
ğŸ¥…,goal | net
ğŸ¯,bull | bullseye | dart | eye | game | hit | target
â›³,golf | hole
â›¸,ice | skate
ğŸ£,fish | pole
ğŸ½,athletics | running | sash | shirt
ğŸ¿,ski | snow
ğŸ›·,sledge | sleigh | <span class="keye">luge</span> | <span class="keye">toboggan</span>
ğŸ¥Œ,
ğŸ®,controller | game
ğŸ•¹,game | video game
ğŸ²,dice | die | game
â™ ,card | game
â™¥,card | game
â™¦,card | game
â™£,card | game
ğŸƒ,card | game | wildcard
ğŸ€„,game | mahjong | red
ğŸ´,Japanese | card | flower | game | playing
ğŸ”‡,mute | quiet | silent | speaker
ğŸ”ˆ,soft
ğŸ”‰,medium
ğŸ”Š,loud
ğŸ“¢,loud | public address
ğŸ“£,cheering
ğŸ“¯,horn | post | postal
ğŸ””,bell
ğŸ”•,bell | forbidden | mute | no | not | prohibited | quiet | silent
ğŸ¼,music | score
ğŸµ,music | note
ğŸ¶,music | note | notes
ğŸ™,mic | microphone | music | studio
ğŸš,level | music | slider
ğŸ›,control | knobs | music
ğŸ¤,karaoke | mic
ğŸ§,earbud
ğŸ“»,video
ğŸ·,instrument | music | sax
ğŸ¸,instrument | music
ğŸ¹,instrument | keyboard | music | piano
ğŸº,instrument | music
ğŸ»,instrument | music
ğŸ¥,drum | drumsticks | music
ğŸ“±,cell | mobile | phone | telephone
ğŸ“²,arrow | call | cell | mobile | phone | receive | telephone
â˜,phone
ğŸ“,phone | receiver | telephone
ğŸ“Ÿ,pager
ğŸ“ ,fax
ğŸ”‹,battery
ğŸ”Œ,electric | electricity | plug
ğŸ’»,computer | pc | personal
ğŸ–¥,computer | desktop
ğŸ–¨,computer
âŒ¨,computer
ğŸ–±,computer
ğŸ–²,computer
ğŸ’½,computer | disk | minidisk | optical
ğŸ’¾,computer | disk | floppy
ğŸ’¿,cd | computer | disk | optical
ğŸ“€,blu-ray | computer | disk | dvd | optical
ğŸ¥,camera | cinema | movie
ğŸ,cinema | film | frames | movie
ğŸ“½,cinema | film | movie | projector | video
ğŸ¬,clapper | movie
ğŸ“º,tv | video
ğŸ“·,video
ğŸ“¸,camera | flash | video
ğŸ“¹,camera | video
ğŸ“¼,tape | vhs | video
ğŸ”,glass | magnifying | search | tool
ğŸ”,glass | magnifying | search | tool
ğŸ”¬,science | tool
ğŸ”­,science | tool
ğŸ“¡,antenna | dish | satellite
ğŸ•¯,light
ğŸ’¡,bulb | comic | electric | idea | light
ğŸ”¦,electric | light | tool | torch
ğŸ®,bar | lantern | light | red
ğŸ“”,book | cover | decorated | notebook
ğŸ“•,book | closed
ğŸ“–,book | open
ğŸ“—,book | green
ğŸ“˜,blue | book
ğŸ“™,book | orange
ğŸ“š,book
ğŸ““,notebook
ğŸ“’,notebook
ğŸ“ƒ,curl | document | page
ğŸ“œ,paper
ğŸ“„,document | page
ğŸ“°,news | paper
ğŸ—,news | newspaper | paper | rolled
ğŸ“‘,bookmark | mark | marker | tabs
ğŸ”–,mark
ğŸ·,label
ğŸ’°,bag | dollar | money | moneybag
ğŸ’´,bank | banknote | bill | currency | money | note | yen
ğŸ’µ,bank | banknote | bill | currency | dollar | money | note
ğŸ’¶,bank | banknote | bill | currency | euro | money | note
ğŸ’·,bank | banknote | bill | currency | money | note | pound
ğŸ’¸,bank | banknote | bill | dollar | fly | money | note | wings
ğŸ’³,bank | card | credit | money
ğŸ’¹,bank | chart | currency | graph | growth | market | money | rise | trend | upward | yen
ğŸ’±,bank | currency | exchange | money
ğŸ’²,currency | dollar | money
âœ‰,email | letter
ğŸ“§,email | letter | mail
ğŸ“¨,e-mail | email | envelope | incoming | letter | mail | receive
ğŸ“©,arrow | down | e-mail | email | envelope | letter | mail | outgoing | sent
ğŸ“¤,box | letter | mail | outbox | sent | tray
ğŸ“¥,box | inbox | letter | mail | receive | tray
ğŸ“¦,box | parcel
ğŸ“«,closed | mail | mailbox | postbox
ğŸ“ª,closed | lowered | mail | mailbox | postbox
ğŸ“¬,mail | mailbox | open | postbox
ğŸ“­,lowered | mail | mailbox | open | postbox
ğŸ“®,mail | mailbox
ğŸ—³,ballot | box
âœ,pencil
âœ’,nib | pen
ğŸ–‹,fountain | pen
ğŸ–Š,ballpoint
ğŸ–Œ,painting
ğŸ–,crayon
ğŸ“,pencil
ğŸ’¼,briefcase
ğŸ“,file | folder
ğŸ“‚,file | folder | open
ğŸ—‚,card | dividers | index
ğŸ“…,date
ğŸ“†,calendar
ğŸ—’,note | pad | spiral
ğŸ—“,calendar | pad | spiral
ğŸ“‡,card | index | rolodex
ğŸ“ˆ,chart | graph | growth | trend | upward
ğŸ“‰,chart | down | graph | trend
ğŸ“Š,bar | chart | graph
ğŸ“‹,clipboard
ğŸ“Œ,pin
ğŸ“,pin | pushpin
ğŸ“,paperclip
ğŸ–‡,link | paperclip
ğŸ“,ruler | straight edge
ğŸ“,ruler | set | triangle
âœ‚,cutting | tool
ğŸ—ƒ,box | card | file
ğŸ—„,cabinet | file | filing
ğŸ—‘,wastebasket
ğŸ”’,closed
ğŸ”“,lock | open | unlock
ğŸ”,ink | lock | nib | pen | privacy
ğŸ”,closed | key | lock | secure
ğŸ”‘,lock | password
ğŸ—,clue | key | lock | old
ğŸ”¨,tool
â›,mining | tool
âš’,hammer | pick | tool
ğŸ› ,hammer | spanner | tool | wrench
ğŸ—¡,knife | weapon
âš”,crossed | swords | weapon
ğŸ”«,gun | handgun | revolver | tool | weapon
ğŸ¹,Sagittarius | archer | archery | arrow | bow | tool | weapon | zodiac
ğŸ›¡,weapon
ğŸ”§,spanner | tool | wrench
ğŸ”©,bolt | nut | tool
âš™,tool
ğŸ—œ,compress | tool | vice
âš—,chemistry | tool
âš–,Libra | balance | justice | scales | tool | weight | zodiac
ğŸ”—,link
â›“,chain
ğŸ’‰,doctor | medicine | needle | shot | sick | tool
ğŸ’Š,doctor | medicine | sick
ğŸš¬,smoking
âš°,death
âš±,ashes | death | funeral | urn
ğŸ—¿,face | moyai | statue
ğŸ›¢,drum | oil
ğŸ”®,ball | crystal | fairy tale | fantasy | fortune | tool
ğŸ›’,cart | shopping | trolley
ğŸ§,atm | automated | bank | teller
ğŸš®,litter | litter bin
ğŸš°,drinking | potable | water
â™¿,access
ğŸš¹,lavatory | man | restroom | wc
ğŸšº,lavatory | restroom | wc | woman
ğŸš»,WC | lavatory | restroom
ğŸš¼,baby | changing
ğŸš¾,closet | lavatory | restroom | water | wc
ğŸ›‚,control | passport
ğŸ›ƒ,customs
ğŸ›„,baggage | claim
ğŸ›…,baggage | locker | luggage
âš ,warning
ğŸš¸,child | crossing | pedestrian | traffic
â›”,entry | forbidden | no | not | prohibited | traffic
ğŸš«,entry | forbidden | no | not
ğŸš³,bicycle | bike | forbidden | no | not | prohibited
ğŸš­,forbidden | no | not | prohibited | smoking
ğŸš¯,forbidden | litter | no | not | prohibited
ğŸš±,non-drinking | non-potable | water
ğŸš·,forbidden | no | not | pedestrian | prohibited
ğŸ“µ,cell | forbidden | mobile | no | not | phone | prohibited | telephone
ğŸ”,18 | age restriction | eighteen | forbidden | no | not | prohibited | underage
â˜¢,radioactive | sign
â˜£,biohazard | sign
â¬†,arrow | cardinal | direction | north
â†—,arrow | direction | intercardinal | northeast
â¡,arrow | cardinal | direction | east
â†˜,arrow | direction | intercardinal | southeast
â¬‡,arrow | cardinal | direction | down | south
â†™,arrow | direction | intercardinal | southwest
â¬…,arrow | cardinal | direction | west
â†–,arrow | direction | intercardinal | northwest
â†•,arrow
â†”,arrow
â†©,arrow
â†ª,arrow
â¤´,arrow
â¤µ,arrow | down
ğŸ”ƒ,arrow | clockwise | reload
ğŸ”„,anticlockwise | arrow | counterclockwise | withershins
ğŸ”™,arrow | back
ğŸ”š,arrow | end
ğŸ”›,arrow | mark | on
ğŸ”œ,arrow | soon
ğŸ”,arrow | top | up
ğŸ›,religion | worship
âš›,atheist | atom
ğŸ•‰,Hindu | religion
âœ¡,David | Jew | Jewish | religion | star
â˜¸,Buddhist | dharma | religion | wheel
â˜¯,religion | tao | taoist | yang | yin
âœ,Christian | cross | religion
â˜¦,Christian | cross | religion
â˜ª,Muslim | islam | religion
â˜®,peace
ğŸ•,candelabrum | candlestick | religion
ğŸ”¯,fortune | star
â™ˆ,ram | zodiac
â™‰,bull | ox | zodiac
â™Š,twins | zodiac
â™‹,crab | zodiac
â™Œ,lion | zodiac
â™,zodiac
â™,balance | justice | scales | zodiac
â™,scorpio | scorpion | zodiac
â™,archer | zodiac
â™‘,goat | zodiac
â™’,bearer | water | zodiac
â™“,fish | zodiac
â›,bearer | serpent | snake | zodiac
ğŸ”€,arrow | crossed
ğŸ”,arrow | clockwise | repeat
ğŸ”‚,arrow | clockwise | once
â–¶,arrow | play | right | triangle
â©,arrow | double | fast | forward
â­,arrow | next scene | next track | triangle
â¯,arrow | pause | play | right | triangle
â—€,arrow | left | reverse | triangle
âª,arrow | double | rewind
â®,arrow | previous scene | previous track | triangle
ğŸ”¼,arrow | button | red
â«,arrow | double
ğŸ”½,arrow | button | down | red
â¬,arrow | double | down
â¸,bar | double | pause | vertical
â¹,square | stop
âº,circle | record
â,eject
ğŸ¦,camera | film | movie
ğŸ”…,brightness | dim | low
ğŸ”†,bright | brightness
ğŸ“¶,antenna | bar | cell | mobile | phone | signal | telephone
ğŸ“³,cell | mobile | mode | phone | telephone | vibration
ğŸ“´,cell | mobile | off | phone | telephone
â™€,woman
â™‚,man
âš•,aesculapius | medicine | staff
â™»,recycle
âšœ,fleur-de-lis
ğŸ”±,anchor | emblem | ship | tool | trident
ğŸ“›,badge | name
ğŸ”°,Japanese | beginner | chevron | green | leaf | tool | yellow
â­•,circle | o
âœ…,check | mark
â˜‘,ballot | box | check
âœ”,check | mark
âœ–,cancel | multiplication | multiply | x
âŒ,cancel | mark | multiplication | multiply | x
â,mark | square
â•,math | plus
â–,math | minus
â—,division | math
â°,curl | loop
â¿,curl | double | loop
ã€½,mark | part
âœ³,asterisk
âœ´,star
â‡,sparkle
â€¼,bangbang | exclamation | mark | punctuation
â‰,exclamation | interrobang | mark | punctuation | question
â“,mark | punctuation | question
â”,mark | outlined | punctuation | question
â•,exclamation | mark | outlined | punctuation
â—,exclamation | mark | punctuation
ã€°,dash | punctuation | wavy
Â©,copyright
Â®,registered
â„¢,mark | tm | trademark
ğŸ’¯,100 | full | hundred | score
ğŸ” ,ABCD | input | latin | letters | uppercase
ğŸ”¡,abcd | input | latin | letters | lowercase
ğŸ”¢,1234 | input | numbers
ğŸ”£,input | ã€’â™ª&amp;%
ğŸ”¤,abc | alphabet | input | latin | letters
ğŸ…°,a | blood type
ğŸ†,ab | blood type
ğŸ…±,b | blood type
ğŸ†‘,cl
ğŸ†’,cool
ğŸ†“,free
â„¹,i | information
ğŸ†”,id | identity
ğŸ†•,new
ğŸ†–,ng
ğŸ†—,OK
ğŸ…¿,parking
ğŸ†˜,help
ğŸ†™,up
ğŸ†š,versus
ğŸ,racing
ğŸš©,post
ğŸŒ,celebration
ğŸ´,waving
ğŸ³,waving
ğŸ³ï¸â€ğŸŒˆ,rainbow
